"date";"text";"title";"permalink";"site name";"queries";"lang";"tone";"platform";"post type";"source name";"author";"screen name";"gender";"avatar";"inferred country";"inferred region";"inferred city";"inferred longitude";"inferred latitude";"inferred country population";"inferred region population";"inferred city population";"declared country";"declared region";"declared city";"declared longitude";"declared latitude";"declared country population";"declared region population";"declared city population";"twitter author id";"twitter verified author";"twitter followers";"twitter retweets";"twitter retweed of";"twitter replies";"twitter likes";"facebook author id";"facebook type";"facebook fans";"facebook likes";"facebook shares";"facebook comments";"facebook last update of the Likes / Shares / Comments";"instagram author id";"instagram followers";"instagram likes";"instagram comments";"instagram last update of the Likes / Comments";"web pagerank";"web inbound links";"web shares on twitter";"web comments";"sinaweibo author ID";"sinaweibo reposts";"sinaweibo repost of";"sinaweibo likes";"sinaweibo comments";"youtube author ID";"youtube views";"youtube likes";"youtube dislikes";"youtube comments";"youtube favourites";"youtube last update of views";"dailymotion author ID";"dailymotion views";"dailymotion comments";"dailymotion last update of views";"reviews Radarly normalized rating";"reviews platform rating";"impressions";"estimated reach";"embedded url";"media type";"media url";"image analysis_People detected";"image analysis_Gender detected";"image analysis_Object(s) and animal(s) detected";"image analysis_Logo(s) detected";"favorite";"keywords";"hashtags";"mentions";"named entities";"story";"topic";"Th√©matiques";"Personnalit√©s politiques";"Attributs Harris Interactive"
"21/04/2017 22:07:44";"Le Monde confirme : avec M√©lenchon, fini le porc dans les cantines ! https://t.co/HZUB3ZKBWO via @1ripostelaique";"";"https://twitter.com/gicquel4/status/855513400784429056";"http://twitter.com";"Jean-Luc M√©lenchon";"fr";"neutral";"Twitter";"post";"";"GICQUEL";"gicquel4";"";"https://pbs.twimg.com/profile_images/548504368824078337/FDTiqT-V_normal.png";"xx";"";"";"";"";"1";"";"";"xx";"";"";"";"";"1";"";"";"323256685";"false";"15";"";"";"";"";"";"";"";"";"";"";"";"";"";"";"";"";"10";"";"";"";"";"";"";"";"";"";"";"";"";"";"";"";"";"";"";"";"";"";"15";"1";"http://ripostelaique.com/le-monde-confirme-avec-melenchon-fini-le-porc-dans-les-cantines.html";"";"";"";"";"";"";"no";"";"";"1RiposteLaique";"";"0c1f2d8f-c793-445c-9bb0-39f95e5cd039";"";"";"";""
"21/04/2017 10:07:42";"RT @ReturnJefKaweni: Le Monde confirme : avec M√©lenchon, fini le porc dans les cantines ! https://t.co/od74Ld6rwR";"";"https://twitter.com/niforos1/status/855332201067536385";"http://twitter.com";"Jean-Luc M√©lenchon";"fr";"neutral";"Twitter";"share";"";"hoc signo vinces";"niforos1";"";"https://pbs.twimg.com/profile_images/759297612516319232/8daHxnfh_normal.jpg";"fr";"";"";"2.0";"46.0";"66627602";"";"";"xx";"";"";"";"";"1";"";"";"466457493";"false";"1227";"";"https://twitter.com/ReturnJefKaweni/status/855324239171248128";"";"";"";"";"";"";"";"";"";"";"";"";"";"";"10";"";"";"";"";"";"https://twitter.com/ReturnJefKaweni/status/855324239171248128";"";"";"";"";"";"";"";"";"";"";"";"";"";"";"";"1227";"98";"http://ripostelaique.com/le-monde-confirme-avec-melenchon-fini-le-porc-dans-les-cantines.html";"";"";"";"";"";"";"no";"";"";"ReturnJefKaweni";"";"0c1f2d8f-c793-445c-9bb0-39f95e5cd039";"";"";"";""
"21/04/2017 09:54:13";"RT @ReturnJefKaweni: Le Monde confirme : avec M√©lenchon, fini le porc dans les cantines ! https://t.co/od74Ld6rwR";"";"https://twitter.com/TipuMonique/status/855328806864699396";"http://twitter.com";"Jean-Luc M√©lenchon";"fr";"neutral";"Twitter";"share";"";"Cat";"TipuMonique";"M";"https://pbs.twimg.com/profile_images/707099582640082944/iUGJzBrL_normal.jpg";"xx";"";"";"";"";"1";"";"";"xx";"";"";"";"";"1";"";"";"4185254907";"false";"433";"";"https://twitter.com/ReturnJefKaweni/status/855324239171248128";"";"";"";"";"";"";"";"";"";"";"";"";"";"";"10";"";"";"";"";"";"https://twitter.com/ReturnJefKaweni/status/855324239171248128";"";"";"";"";"";"";"";"";"";"";"";"";"";"";"";"433";"34";"http://ripostelaique.com/le-monde-confirme-avec-melenchon-fini-le-porc-dans-les-cantines.html";"";"";"";"";"";"";"no";"";"";"ReturnJefKaweni";"";"0c1f2d8f-c793-445c-9bb0-39f95e5cd039";"";"";"";""
"21/04/2017 09:36:04";"Le Monde confirme : avec M√©lenchon, fini le porc dans les cantines ! https://t.co/od74Ld6rwR";"";"https://twitter.com/ReturnJefKaweni/status/855324239171248128";"http://twitter.com";"Jean-Luc M√©lenchon";"fr";"neutral";"Twitter";"post";"";"ReturnJefkaweni";"ReturnJefKaweni";"M";"https://pbs.twimg.com/profile_images/674968542446489600/M0SKv6cL_normal.jpg";"xx";"";"";"";"";"1";"";"";"xx";"";"";"";"";"1";"";"";"3606928877";"false";"1367";"2";"";"";"1";"";"";"";"";"";"";"";"";"";"";"";"";"10";"";"";"";"";"";"";"";"";"";"";"";"";"";"";"";"";"";"";"";"";"";"1969";"157";"http://ripostelaique.com/le-monde-confirme-avec-melenchon-fini-le-porc-dans-les-cantines.html";"";"";"";"";"";"";"no";"";"";"";"";"0c1f2d8f-c793-445c-9bb0-39f95e5cd039";"";"";"";""
"21/04/2017 00:41:53";"RT @laurent_daniel: Le Monde confirme : avec M√©lenchon, fini le porc dans les cantines ! https://t.co/NBTsbUQxUl via @1ripostelaique";"";"https://twitter.com/alinettenette/status/855189805734518784";"http://twitter.com";"Jean-Luc M√©lenchon";"fr";"neutral";"Twitter";"share";"";"Tresh";"alinettenette";"";"https://abs.twimg.com/sticky/default_profile_images/default_profile_normal.png";"xx";"";"";"";"";"1";"";"";"xx";"";"";"";"";"1";"";"";"769349526444539904";"false";"12";"";"https://twitter.com/laurent_daniel/status/854978521441161216";"";"";"";"";"";"";"";"";"";"";"";"";"";"";"10";"";"";"";"";"";"https://twitter.com/laurent_daniel/status/854978521441161216";"";"";"";"";"";"";"";"";"";"";"";"";"";"";"";"12";"0";"http://ripostelaique.com/le-monde-confirme-avec-melenchon-fini-le-porc-dans-les-cantines.html";"";"";"";"";"";"";"no";"";"";"1RiposteLaique;laurent_daniel";"";"0c1f2d8f-c793-445c-9bb0-39f95e5cd039";"";"";"";""
"21/04/2017 00:03:09";"RT @1RiposteLaique: Le Monde confirme : avec M√©lenchon, fini le porc dans les cantines ! https://t.co/hHEcd3LPzl";"";"https://twitter.com/delagealine/status/855180060835237888";"http://twitter.com";"Jean-Luc M√©lenchon";"fr";"neutral";"Twitter";"share";"";"delage";"delagealine";"";"https://abs.twimg.com/sticky/default_profile_images/default_profile_normal.png";"xx";"";"";"";"";"1";"";"";"xx";"";"";"";"";"1";"";"";"829640174795636737";"false";"18";"";"https://twitter.com/1RiposteLaique/status/854980221241524224";"";"";"";"";"";"";"";"";"";"";"";"";"";"";"10";"";"";"";"";"";"https://twitter.com/1RiposteLaique/status/854980221241524224";"";"";"";"";"";"";"";"";"";"";"";"";"";"";"";"18";"1";"http://ripostelaique.com/le-monde-confirme-avec-melenchon-fini-le-porc-dans-les-cantines.html";"";"";"";"";"";"";"no";"";"";"1RiposteLaique";"";"0c1f2d8f-c793-445c-9bb0-39f95e5cd039";"";"";"";""
"20/04/2017 20:45:06";"Le Monde confirme : avec M√©lenchon, fini le porc dans les cantines ! https://t.co/lCMJOaQzmV";"";"https://twitter.com/Reix87Jean/status/855130217530216449";"http://twitter.com";"Jean-Luc M√©lenchon";"fr";"neutral";"Twitter";"post";"";"SEVIGNE Jean-Pierre";"Reix87Jean";"M";"https://pbs.twimg.com/profile_images/815906348525297665/mzUTCt-a_normal.jpg";"fr";"R√©gion Limousin";"Bellac";"1.05";"46.11667";"66627602";"737001";"4973";"xx";"";"";"";"";"1";"";"";"706403790635794432";"false";"54";"";"";"";"";"";"";"";"";"";"";"";"";"";"";"";"";"10";"";"";"";"";"";"";"";"";"";"";"";"";"";"";"";"";"";"";"";"";"";"54";"4";"http://ripostelaique.com/le-monde-confirme-avec-melenchon-fini-le-porc-dans-les-cantines.html";"";"";"";"";"";"";"no";"";"";"";"";"0c1f2d8f-c793-445c-9bb0-39f95e5cd039";"";"";"";""
"20/04/2017 19:33:11";"Le Monde confirme : avec M√©lenchon, fini le porc dans les cantines ! https://t.co/lnjVcDfhmR";"";"https://twitter.com/meurinbruno/status/855112119427244032";"http://twitter.com";"Jean-Luc M√©lenchon";"fr";"neutral";"Twitter";"post";"";"meurin";"meurinbruno";"";"https://pbs.twimg.com/profile_images/621726849329180673/mpvIV-9T_normal.jpg";"xx";"";"";"";"";"1";"";"";"xx";"";"";"";"";"1";"";"";"282231648";"false";"15";"";"";"";"";"";"";"";"";"";"";"";"";"";"";"";"";"10";"";"";"";"";"";"";"";"";"";"";"";"";"";"";"";"";"";"";"";"";"";"15";"1";"http://ripostelaique.com/le-monde-confirme-avec-melenchon-fini-le-porc-dans-les-cantines.html";"";"";"";"";"";"";"no";"";"";"";"";"0c1f2d8f-c793-445c-9bb0-39f95e5cd039";"";"";"";""
"20/04/2017 19:15:55";"RT @1RiposteLaique: Le Monde confirme : avec M√©lenchon, fini le porc dans les cantines ! https://t.co/hHEcd3LPzl";"";"https://twitter.com/vetholistic/status/855107774933602304";"http://twitter.com";"Jean-Luc M√©lenchon";"fr";"neutral";"Twitter";"share";"";"Bresard";"vetholistic";"";"https://pbs.twimg.com/profile_images/744563415998410756/YMPVN4fB_normal.jpg";"xx";"";"";"";"";"1";"";"";"xx";"";"";"";"";"1";"";"";"1083531464";"false";"426";"";"https://twitter.com/1RiposteLaique/status/854980221241524224";"";"";"";"";"";"";"";"";"";"";"";"";"";"";"10";"";"";"";"";"";"https://twitter.com/1RiposteLaique/status/854980221241524224";"";"";"";"";"";"";"";"";"";"";"";"";"";"";"";"426";"34";"http://ripostelaique.com/le-monde-confirme-avec-melenchon-fini-le-porc-dans-les-cantines.html";"";"";"";"";"";"";"no";"";"";"1RiposteLaique";"";"0c1f2d8f-c793-445c-9bb0-39f95e5cd039";"";"";"";""
"20/04/2017 18:15:07";"RT @kevin_lone: Le Monde confirme : avec M√©lenchon, fini le porc dans les cantines ! https://t.co/Mwjc3CZx7N via @1ripostelaique";"";"https://twitter.com/languillem/status/855092475383480320";"http://twitter.com";"Jean-Luc M√©lenchon";"fr";"neutral";"Twitter";"share";"";"ludimi";"languillem";"";"https://pbs.twimg.com/profile_images/699232412111343617/HPd9meeh_normal.jpg";"fr";"";"";"2.0";"46.0";"66627602";"";"";"xx";"";"";"";"";"1";"";"";"904349491";"false";"4289";"";"https://twitter.com/kevin_lone/status/855059900162068480";"";"";"";"";"";"";"";"";"";"";"";"";"";"";"10";"";"";"";"";"";"https://twitter.com/kevin_lone/status/855059900162068480";"";"";"";"";"";"";"";"";"";"";"";"";"";"";"";"4289";"343";"http://ripostelaique.com/le-monde-confirme-avec-melenchon-fini-le-porc-dans-les-cantines.html";"";"";"";"";"";"";"no";"";"";"1RiposteLaique;kevin_lone";"";"0c1f2d8f-c793-445c-9bb0-39f95e5cd039";"";"";"";""
"20/04/2017 17:35:03";"Le Monde confirme : avec M√©lenchon, fini le porc dans les cantines ! https://t.co/DrNjUguBtU";"";"https://twitter.com/claudeferr/status/855082393467801600";"http://twitter.com";"Jean-Luc M√©lenchon";"fr";"neutral";"Twitter";"post";"";"Claude Ferre";"claudeferr";"M";"https://pbs.twimg.com/profile_images/623492431460368384/JtDFx8rv_normal.jpg";"fr";"R√©gion Alsace";"Schiltigheim";"7.74931";"48.60749";"66627602";"1827248";"32289";"xx";"";"";"";"";"1";"";"";"3385890497";"false";"1598";"";"";"";"";"";"";"";"";"";"";"";"";"";"";"";"";"10";"";"";"";"";"";"";"";"";"";"";"";"";"";"";"";"";"";"";"";"";"";"1598";"127";"http://ripostelaique.com/le-monde-confirme-avec-melenchon-fini-le-porc-dans-les-cantines.html";"";"";"";"";"";"";"no";"";"";"";"";"0c1f2d8f-c793-445c-9bb0-39f95e5cd039";"";"";"";""
"20/04/2017 17:03:08";"Le Monde confirme : avec M√©lenchon, fini le porc dans les cantines ! https://t.co/wbWAWEGXae via @1ripostelaique";"";"https://twitter.com/obstinate944/status/855074358578081792";"http://twitter.com";"Jean-Luc M√©lenchon";"fr";"neutral";"Twitter";"post";"";"Jean-Pierre Laborde";"obstinate944";"M";"https://pbs.twimg.com/profile_images/1524102774/JPL_1_normal.jpg";"pf";"√éles du Vent";"";"-149.5";"-17.5";"274217";"194939";"";"xx";"";"";"";"";"1";"";"";"236689449";"false";"176";"";"";"";"";"";"";"";"";"";"";"";"";"";"";"";"";"10";"";"";"";"";"";"";"";"";"";"";"";"";"";"";"";"";"";"";"";"";"";"176";"14";"http://ripostelaique.com/le-monde-confirme-avec-melenchon-fini-le-porc-dans-les-cantines.html";"";"";"";"";"";"";"no";"";"";"1RiposteLaique";"";"0c1f2d8f-c793-445c-9bb0-39f95e5cd039";"";"";"";""
"20/04/2017 17:01:57";"Le Monde confirme : avec M√©lenchon, fini le porc dans les cantines ! https://t.co/wbWAWEGXae";"";"https://twitter.com/obstinate944/status/855074060664963074";"http://twitter.com";"Jean-Luc M√©lenchon";"fr";"neutral";"Twitter";"post";"";"Jean-Pierre Laborde";"obstinate944";"M";"https://pbs.twimg.com/profile_images/1524102774/JPL_1_normal.jpg";"pf";"√éles du Vent";"";"-149.5";"-17.5";"274217";"194939";"";"xx";"";"";"";"";"1";"";"";"236689449";"false";"176";"";"";"";"";"";"";"";"";"";"";"";"";"";"";"";"";"10";"";"";"";"";"";"";"";"";"";"";"";"";"";"";"";"";"";"";"";"";"";"176";"14";"http://ripostelaique.com/le-monde-confirme-avec-melenchon-fini-le-porc-dans-les-cantines.html";"";"";"";"";"";"";"no";"";"";"";"";"0c1f2d8f-c793-445c-9bb0-39f95e5cd039";"";"";"";""
"20/04/2017 16:18:22";"RT @1RiposteLaique: Le Monde confirme : avec M√©lenchon, fini le porc dans les cantines ! https://t.co/hHEcd3LPzl";"";"https://twitter.com/france_stef/status/855063093935833088";"http://twitter.com";"Jean-Luc M√©lenchon";"fr";"neutral";"Twitter";"share";"";"Stef de france(VPF)";"france_stef";"";"https://pbs.twimg.com/profile_images/843212918963474433/b6TrFdx1_normal.jpg";"xx";"";"";"";"";"1";"";"";"xx";"";"";"";"";"1";"";"";"2830138491";"false";"872";"";"https://twitter.com/1RiposteLaique/status/854980221241524224";"";"";"";"";"";"";"";"";"";"";"";"";"";"";"10";"";"";"";"";"";"https://twitter.com/1RiposteLaique/status/854980221241524224";"";"";"";"";"";"";"";"";"";"";"";"";"";"";"";"872";"69";"http://ripostelaique.com/le-monde-confirme-avec-melenchon-fini-le-porc-dans-les-cantines.html";"";"";"";"";"";"";"no";"";"";"1RiposteLaique";"";"0c1f2d8f-c793-445c-9bb0-39f95e5cd039";"";"";"";""
"20/04/2017 16:09:25";"RT @1RiposteLaique: Le Monde confirme : avec M√©lenchon, fini le porc dans les cantines ! https://t.co/hHEcd3LPzl";"";"https://twitter.com/claudeferr/status/855060843343564800";"http://twitter.com";"Jean-Luc M√©lenchon";"fr";"neutral";"Twitter";"share";"";"Claude Ferre";"claudeferr";"M";"https://pbs.twimg.com/profile_images/623492431460368384/JtDFx8rv_normal.jpg";"fr";"R√©gion Alsace";"Schiltigheim";"7.74931";"48.60749";"66627602";"1827248";"32289";"xx";"";"";"";"";"1";"";"";"3385890497";"false";"1598";"";"https://twitter.com/1RiposteLaique/status/854980221241524224";"";"";"";"";"";"";"";"";"";"";"";"";"";"";"10";"";"";"";"";"";"https://twitter.com/1RiposteLaique/status/854980221241524224";"";"";"";"";"";"";"";"";"";"";"";"";"";"";"";"1598";"127";"http://ripostelaique.com/le-monde-confirme-avec-melenchon-fini-le-porc-dans-les-cantines.html";"";"";"";"";"";"";"no";"";"";"1RiposteLaique";"";"0c1f2d8f-c793-445c-9bb0-39f95e5cd039";"";"";"";""
"20/04/2017 16:05:41";"Le Monde confirme : avec M√©lenchon, fini le porc dans les cantines ! https://t.co/Mwjc3CZx7N via @1ripostelaique";"";"https://twitter.com/kevin_lone/status/855059900162068480";"http://twitter.com";"Jean-Luc M√©lenchon";"fr";"neutral";"Twitter";"post";"";"Kevin LONE";"kevin_lone";"M";"https://pbs.twimg.com/profile_images/556542338634219521/J5Zievs2_normal.jpeg";"fr";"";"";"2.0";"46.0";"66627602";"";"";"xx";"";"";"";"";"1";"";"";"352280876";"false";"1601";"1";"";"";"";"";"";"";"";"";"";"";"";"";"";"";"";"10";"";"";"";"";"";"";"";"";"";"";"";"";"";"";"";"";"";"";"";"";"";"1902";"152";"http://ripostelaique.com/le-monde-confirme-avec-melenchon-fini-le-porc-dans-les-cantines.html";"";"";"";"";"";"";"no";"";"";"1RiposteLaique";"";"0c1f2d8f-c793-445c-9bb0-39f95e5cd039";"";"";"";""
"20/04/2017 14:40:27";"Le Monde confirme : avec M√©lenchon, fini le porc dans les cantines ! La faillite pour tous et le communautarisme ! 
https://t.co/9ehIHvsmJp";"";"https://twitter.com/Capricorne75014/status/855038453154799616";"http://twitter.com";"Jean-Luc M√©lenchon";"fr";"neutral";"Twitter";"post";"";"Pascal FORT";"Capricorne75014";"M";"https://pbs.twimg.com/profile_images/378800000543820100/3bd37a0359d426abeaec40ffa6d74103_normal.jpeg";"xx";"";"";"";"";"1";"";"";"xx";"";"";"";"";"1";"";"";"232669813";"false";"4768";"";"";"";"";"";"";"";"";"";"";"";"";"";"";"";"";"10";"";"";"";"";"";"";"";"";"";"";"";"";"";"";"";"";"";"";"";"";"";"4768";"381";"http://ripostelaique.com/le-monde-confirme-avec-melenchon-fini-le-porc-dans-les-cantines.html";"";"";"";"";"";"";"no";"";"";"";"";"0c1f2d8f-c793-445c-9bb0-39f95e5cd039";"";"";"";""
"20/04/2017 14:38:56";"Le Monde confirme : avec M√©lenchon, fini le porc dans les cantines ! https://t.co/VgTzCrtEVM via @1ripostelaique";"";"https://twitter.com/GMenard01/status/855038072202907648";"http://twitter.com";"Jean-Luc M√©lenchon";"fr";"neutral";"Twitter";"post";"";"Gerald Menard";"GMenard01";"M";"https://pbs.twimg.com/profile_images/686187794587332608/OBOtrIu__normal.jpg";"ca";"Qu√©bec";"Gatineau";"-75.70164";"45.47723";"35702707";"7730612";"242124";"xx";"";"";"";"";"1";"";"";"3150313712";"false";"1334";"";"";"";"";"";"";"";"";"";"";"";"";"";"";"";"";"10";"";"";"";"";"";"";"";"";"";"";"";"";"";"";"";"";"";"";"";"";"";"1334";"106";"http://ripostelaique.com/le-monde-confirme-avec-melenchon-fini-le-porc-dans-les-cantines.html";"";"";"";"";"";"";"no";"";"";"1RiposteLaique";"";"0c1f2d8f-c793-445c-9bb0-39f95e5cd039";"";"";"";""
"20/04/2017 13:46:35";"RT @1RiposteLaique: Le Monde confirme : avec M√©lenchon, fini le porc dans les cantines ! https://t.co/hHEcd3LPzl";"";"https://twitter.com/ComBourdon/status/855024898095411200";"http://twitter.com";"Jean-Luc M√©lenchon";"fr";"neutral";"Twitter";"share";"";"Bourdon Stephane";"ComBourdon";"M";"https://pbs.twimg.com/profile_images/378800000007489231/68d26064da5a66cd547605bccbae25f1_normal.png";"xx";"";"";"";"";"1";"";"";"xx";"";"";"";"";"1";"";"";"1464139664";"false";"111";"";"https://twitter.com/1RiposteLaique/status/854980221241524224";"";"";"";"";"";"";"";"";"";"";"";"";"";"";"10";"";"";"";"";"";"https://twitter.com/1RiposteLaique/status/854980221241524224";"";"";"";"";"";"";"";"";"";"";"";"";"";"";"";"111";"8";"http://ripostelaique.com/le-monde-confirme-avec-melenchon-fini-le-porc-dans-les-cantines.html";"";"";"";"";"";"";"no";"";"";"1RiposteLaique";"";"0c1f2d8f-c793-445c-9bb0-39f95e5cd039";"";"";"";""
"20/04/2017 13:30:08";"Le Monde confirme : avec M√©lenchon, fini le porc dans les cantines ! https://t.co/QvjW3gtWAs";"";"https://twitter.com/EmkaMichel/status/855020756740304897";"http://twitter.com";"Jean-Luc M√©lenchon";"fr";"neutral";"Twitter";"post";"";"emka";"EmkaMichel";"M";"https://pbs.twimg.com/profile_images/484335770161782784/9CuBPI67_normal.jpeg";"fr";"R√©gion Rh√¥ne-Alpes";"Lyon";"4.84671";"45.74846";"66627602";"6065959";"472317";"xx";"";"";"";"";"1";"";"";"584848692";"false";"2202";"";"";"";"";"";"";"";"";"";"";"";"";"";"";"";"";"10";"";"";"";"";"";"";"";"";"";"";"";"";"";"";"";"";"";"";"";"";"";"2202";"176";"http://ripostelaique.com/le-monde-confirme-avec-melenchon-fini-le-porc-dans-les-cantines.html";"";"";"";"";"";"";"no";"";"";"";"";"0c1f2d8f-c793-445c-9bb0-39f95e5cd039";"";"";"";""
"20/04/2017 13:22:21";"RT @1RiposteLaique: Le Monde confirme : avec M√©lenchon, fini le porc dans les cantines ! https://t.co/hHEcd3LPzl";"";"https://twitter.com/greensacha1/status/855018798507806720";"http://twitter.com";"Jean-Luc M√©lenchon";"fr";"neutral";"Twitter";"share";"";"Sacha Green";"greensacha1";"";"https://pbs.twimg.com/profile_images/556151195426111488/NrTEgMA7_normal.jpeg";"xx";"";"";"";"";"1";"";"";"xx";"";"";"";"";"1";"";"";"2756853772";"false";"152";"";"https://twitter.com/1RiposteLaique/status/854980221241524224";"";"";"";"";"";"";"";"";"";"";"";"";"";"";"10";"";"";"";"";"";"https://twitter.com/1RiposteLaique/status/854980221241524224";"";"";"";"";"";"";"";"";"";"";"";"";"";"";"";"152";"12";"http://ripostelaique.com/le-monde-confirme-avec-melenchon-fini-le-porc-dans-les-cantines.html";"";"";"";"";"";"";"no";"";"";"1RiposteLaique";"";"0c1f2d8f-c793-445c-9bb0-39f95e5cd039";"";"";"";""
"20/04/2017 13:13:06";"RT @androctone: Le Monde confirme : avec M√©lenchon, fini le porc dans les cantines !!!!
https://t.co/ItJZMpfGIY via @1ripostelaique";"";"https://twitter.com/mamiedoux29/status/855016468597141504";"http://twitter.com";"Jean-Luc M√©lenchon";"fr";"neutral";"Twitter";"share";"";"Edith ou Mamiedoux29";"mamiedoux29";"F";"https://pbs.twimg.com/profile_images/731431819279749120/mJBDvTv0_normal.jpg";"fr";"R√©gion Bretagne";"";"-4.0";"48.33333";"66627602";"3120288";"";"xx";"";"";"";"";"1";"";"";"2173343885";"false";"1421";"";"https://twitter.com/androctone/status/855014730808922114";"";"";"";"";"";"";"";"";"";"";"";"";"";"";"10";"";"";"";"";"";"https://twitter.com/androctone/status/855014730808922114";"";"";"";"";"";"";"";"";"";"";"";"";"";"";"";"1421";"113";"http://ripostelaique.com/le-monde-confirme-avec-melenchon-fini-le-porc-dans-les-cantines.html";"";"";"";"";"";"";"no";"";"";"1RiposteLaique;androctone";"";"0c1f2d8f-c793-445c-9bb0-39f95e5cd039";"";"";"";""
"20/04/2017 13:06:11";"Le Monde confirme : avec M√©lenchon, fini le porc dans les cantines !!!!
https://t.co/ItJZMpfGIY via @1ripostelaique";"";"https://twitter.com/androctone/status/855014730808922114";"http://twitter.com";"Jean-Luc M√©lenchon";"fr";"neutral";"Twitter";"post";"";"Pic#Patriosphere";"androctone";"";"https://pbs.twimg.com/profile_images/813334328629403648/dliXx09b_normal.jpg";"us";"Californie";"Orange";"-117.85311";"33.78779";"323189000";"37691912";"136416";"xx";"";"";"";"";"1";"";"";"146381756";"false";"1164";"1";"";"";"1";"";"";"";"";"";"";"";"";"";"";"";"";"10";"";"";"";"";"";"";"";"";"";"";"";"";"";"";"";"";"";"";"";"";"";"1465";"117";"http://ripostelaique.com/le-monde-confirme-avec-melenchon-fini-le-porc-dans-les-cantines.html";"";"";"";"";"";"";"no";"";"";"1RiposteLaique";"";"0c1f2d8f-c793-445c-9bb0-39f95e5cd039";"";"";"";""
"20/04/2017 11:36:23";"Le Monde confirme : avec M√©lenchon, fini le porc dans les cantines ! https://t.co/lbFqLnOSVS via @1ripostelaique";"";"https://twitter.com/BernardDELIGAT/status/854992131789910017";"http://twitter.com";"Jean-Luc M√©lenchon";"fr";"neutral";"Twitter";"post";"";"DELIGAT bernard";"BernardDELIGAT";"M";"https://abs.twimg.com/sticky/default_profile_images/default_profile_normal.png";"xx";"";"";"";"";"1";"";"";"xx";"";"";"";"";"1";"";"";"493024768";"false";"0";"";"";"";"";"";"";"";"";"";"";"";"";"";"";"";"";"10";"";"";"";"";"";"";"";"";"";"";"";"";"";"";"";"";"";"";"";"";"";"0";"0";"http://ripostelaique.com/le-monde-confirme-avec-melenchon-fini-le-porc-dans-les-cantines.html";"";"";"";"";"";"";"no";"";"";"1RiposteLaique";"";"0c1f2d8f-c793-445c-9bb0-39f95e5cd039";"";"";"";""
"20/04/2017 11:26:24";"RT @1RiposteLaique: Le Monde confirme : avec M√©lenchon, fini le porc dans les cantines ! https://t.co/hHEcd3LPzl";"";"https://twitter.com/ChristianCavin/status/854989616377671680";"http://twitter.com";"Jean-Luc M√©lenchon";"fr";"neutral";"Twitter";"share";"";"Christian Cavin";"ChristianCavin";"M";"https://abs.twimg.com/sticky/default_profile_images/default_profile_normal.png";"xx";"";"";"";"";"1";"";"";"xx";"";"";"";"";"1";"";"";"1442215668";"false";"21";"";"https://twitter.com/1RiposteLaique/status/854980221241524224";"";"";"";"";"";"";"";"";"";"";"";"";"";"";"10";"";"";"";"";"";"https://twitter.com/1RiposteLaique/status/854980221241524224";"";"";"";"";"";"";"";"";"";"";"";"";"";"";"";"21";"1";"http://ripostelaique.com/le-monde-confirme-avec-melenchon-fini-le-porc-dans-les-cantines.html";"";"";"";"";"";"";"no";"";"";"1RiposteLaique";"";"0c1f2d8f-c793-445c-9bb0-39f95e5cd039";"";"";"";""
"20/04/2017 11:25:37";"RT @1RiposteLaique: Le Monde confirme : avec M√©lenchon, fini le porc dans les cantines ! https://t.co/hHEcd3LPzl";"";"https://twitter.com/jpapanissal/status/854989421980078080";"http://twitter.com";"Jean-Luc M√©lenchon";"fr";"neutral";"Twitter";"share";"";"Polo Polo";"jpapanissal";"M";"https://pbs.twimg.com/profile_images/788054681742348288/847_z0BZ_normal.jpg";"xx";"";"";"";"";"1";"";"";"xx";"";"";"";"";"1";"";"";"2913106030";"false";"213";"";"https://twitter.com/1RiposteLaique/status/854980221241524224";"";"";"";"";"";"";"";"";"";"";"";"";"";"";"10";"";"";"";"";"";"https://twitter.com/1RiposteLaique/status/854980221241524224";"";"";"";"";"";"";"";"";"";"";"";"";"";"";"";"213";"17";"http://ripostelaique.com/le-monde-confirme-avec-melenchon-fini-le-porc-dans-les-cantines.html";"";"";"";"";"";"";"no";"";"";"1RiposteLaique";"";"0c1f2d8f-c793-445c-9bb0-39f95e5cd039";"";"";"";""
"20/04/2017 11:10:17";"RT @1RiposteLaique: Le Monde confirme : avec M√©lenchon, fini le porc dans les cantines ! https://t.co/hHEcd3LPzl";"";"https://twitter.com/robertcj13/status/854985563614707716";"http://twitter.com";"Jean-Luc M√©lenchon";"fr";"neutral";"Twitter";"share";"";"ROBERT christian";"robertcj13";"M";"https://pbs.twimg.com/profile_images/378800000547551777/2895efe426557424c38f6da304bc6213_normal.jpeg";"xx";"";"";"";"";"1";"";"";"xx";"";"";"";"";"1";"";"";"1160420258";"false";"101";"";"https://twitter.com/1RiposteLaique/status/854980221241524224";"";"";"";"";"";"";"";"";"";"";"";"";"";"";"10";"";"";"";"";"";"https://twitter.com/1RiposteLaique/status/854980221241524224";"";"";"";"";"";"";"";"";"";"";"";"";"";"";"";"101";"8";"http://ripostelaique.com/le-monde-confirme-avec-melenchon-fini-le-porc-dans-les-cantines.html";"";"";"";"";"";"";"no";"";"";"1RiposteLaique";"";"0c1f2d8f-c793-445c-9bb0-39f95e5cd039";"";"";"";""
"20/04/2017 11:09:56";"RT @1RiposteLaique: Le Monde confirme : avec M√©lenchon, fini le porc dans les cantines ! https://t.co/hHEcd3LPzl";"";"https://twitter.com/claudesavoie88/status/854985474305400832";"http://twitter.com";"Jean-Luc M√©lenchon";"fr";"neutral";"Twitter";"share";"";"claude";"claudesavoie88";"M";"https://pbs.twimg.com/profile_images/1727132945/annecy_normal.png";"fr";"R√©gion Rh√¥ne-Alpes";"";"6.33333";"46.0";"66627602";"6065959";"";"xx";"";"";"";"";"1";"";"";"449545314";"false";"128";"";"https://twitter.com/1RiposteLaique/status/854980221241524224";"";"";"";"";"";"";"";"";"";"";"";"";"";"";"10";"";"";"";"";"";"https://twitter.com/1RiposteLaique/status/854980221241524224";"";"";"";"";"";"";"";"";"";"";"";"";"";"";"";"128";"10";"http://ripostelaique.com/le-monde-confirme-avec-melenchon-fini-le-porc-dans-les-cantines.html";"";"";"";"";"";"";"no";"";"";"1RiposteLaique";"";"0c1f2d8f-c793-445c-9bb0-39f95e5cd039";"";"";"";""
"20/04/2017 11:03:43";"RT @1RiposteLaique: Le Monde confirme : avec M√©lenchon, fini le porc dans les cantines ! https://t.co/hHEcd3LPzl";"";"https://twitter.com/Nanemad/status/854983908596871168";"http://twitter.com";"Jean-Luc M√©lenchon";"fr";"neutral";"Twitter";"share";"";"Nanemad #MerciNS";"Nanemad";"";"https://pbs.twimg.com/profile_images/790533365841719296/xNUB0qIg_normal.jpg";"xx";"";"";"";"";"1";"";"";"xx";"";"";"";"";"1";"";"";"1171408220";"false";"1101";"";"https://twitter.com/1RiposteLaique/status/854980221241524224";"";"";"";"";"";"";"";"";"";"";"";"";"";"";"10";"";"";"";"";"";"https://twitter.com/1RiposteLaique/status/854980221241524224";"";"";"";"";"";"";"";"";"";"";"";"";"";"";"";"1101";"88";"http://ripostelaique.com/le-monde-confirme-avec-melenchon-fini-le-porc-dans-les-cantines.html";"";"";"";"";"";"";"no";"";"";"1RiposteLaique";"";"0c1f2d8f-c793-445c-9bb0-39f95e5cd039";"";"";"";""
"20/04/2017 10:59:22";"Le Monde confirme : avec M√©lenchon, fini le porc dans les cantines ! https://t.co/8B5TNEMasy";"";"https://twitter.com/charlesquin4/status/854982816366505984";"http://twitter.com";"Jean-Luc M√©lenchon";"fr";"neutral";"Twitter";"post";"";"charles quin";"charlesquin4";"M";"https://abs.twimg.com/sticky/default_profile_images/default_profile_normal.png";"xx";"";"";"";"";"1";"";"";"xx";"";"";"";"";"1";"";"";"843399119901261824";"false";"5";"";"";"";"";"";"";"";"";"";"";"";"";"";"";"";"";"10";"";"";"";"";"";"";"";"";"";"";"";"";"";"";"";"";"";"";"";"";"";"5";"0";"http://ripostelaique.com/le-monde-confirme-avec-melenchon-fini-le-porc-dans-les-cantines.html";"";"";"";"";"";"";"no";"";"";"";"";"0c1f2d8f-c793-445c-9bb0-39f95e5cd039";"";"";"";""
"20/04/2017 10:58:22";"RT @1RiposteLaique: Le Monde confirme : avec M√©lenchon, fini le porc dans les cantines ! https://t.co/hHEcd3LPzl";"";"https://twitter.com/helene6156/status/854982564976742400";"http://twitter.com";"Jean-Luc M√©lenchon";"fr";"neutral";"Twitter";"share";"";"helene petit ours";"helene6156";"F";"https://pbs.twimg.com/profile_images/849511990200553472/uuPBCopZ_normal.jpg";"fr";"R√©gion Bretagne";"";"-2.83333";"48.16667";"66627602";"3120288";"";"xx";"";"";"";"";"1";"";"";"1106307541";"false";"1794";"";"https://twitter.com/1RiposteLaique/status/854980221241524224";"";"";"";"";"";"";"";"";"";"";"";"";"";"";"10";"";"";"";"";"";"https://twitter.com/1RiposteLaique/status/854980221241524224";"";"";"";"";"";"";"";"";"";"";"";"";"";"";"";"1794";"143";"http://ripostelaique.com/le-monde-confirme-avec-melenchon-fini-le-porc-dans-les-cantines.html";"";"";"";"";"";"";"no";"";"";"1RiposteLaique";"";"0c1f2d8f-c793-445c-9bb0-39f95e5cd039";"";"";"";""
"20/04/2017 10:53:08";"RT @1RiposteLaique: Le Monde confirme : avec M√©lenchon, fini le porc dans les cantines ! https://t.co/hHEcd3LPzl";"";"https://twitter.com/Optioignons/status/854981244467253248";"http://twitter.com";"Jean-Luc M√©lenchon";"fr";"neutral";"Twitter";"share";"";"Mabiche ‚ùÄ ‚úû ¬´ ŸÜ ¬ª";"Optioignons";"";"https://pbs.twimg.com/profile_images/490949183487369216/EL2KDuWK_normal.jpeg";"xx";"";"";"";"";"1";"";"";"xx";"";"";"";"";"1";"";"";"331211590";"false";"679";"";"https://twitter.com/1RiposteLaique/status/854980221241524224";"";"";"";"";"";"";"";"";"";"";"";"";"";"";"10";"";"";"";"";"";"https://twitter.com/1RiposteLaique/status/854980221241524224";"";"";"";"";"";"";"";"";"";"";"";"";"";"";"";"679";"54";"http://ripostelaique.com/le-monde-confirme-avec-melenchon-fini-le-porc-dans-les-cantines.html";"";"";"";"";"";"";"no";"";"";"1RiposteLaique";"";"0c1f2d8f-c793-445c-9bb0-39f95e5cd039";"";"";"";""
"20/04/2017 10:49:31";"http://ripostelaique.com/le-monde-confirme-avec-melenchon-fini-le-porc-dans-les-cantines.html";"";"https://www.facebook.com/504523149704794/posts/810252602465179";"http://facebook.com";"Jean-Luc M√©lenchon";"fr";"neutral";"Facebook";"post";"";"Riposte La√Øque France";"504523149704794";"";"http://graph.facebook.com/504523149704794/picture";"xx";"";"";"";"";"1";"";"";"xx";"";"";"";"";"1";"";"";"";"";"";"";"";"";"";"504523149704794";"";"";"33";"292";"64";"19/10/2017 19:11:21";"";"";"";"";"";"10";"";"";"";"";"";"";"";"";"";"";"";"";"";"";"";"";"";"";"";"";"";"";"";"http://ripostelaique.com/le-monde-confirme-avec-melenchon-fini-le-porc-dans-les-cantines.html";"";"";"";"";"";"";"no";"";"";"";"";"0c1f2d8f-c793-445c-9bb0-39f95e5cd039";"";"";"";""
"20/04/2017 10:49:04";"Le Monde confirme : avec M√©lenchon, fini le porc dans les cantines ! https://t.co/hHEcd3LPzl";"";"https://twitter.com/1RiposteLaique/status/854980221241524224";"http://twitter.com";"Jean-Luc M√©lenchon";"fr";"neutral";"Twitter";"post";"";"Riposte Laique";"1RiposteLaique";"";"https://pbs.twimg.com/profile_images/378800000603969891/660665e294d374b9e1fc795a29e4da90_normal.jpeg";"xx";"";"";"";"";"1";"";"";"xx";"";"";"";"";"1";"";"";"1953472298";"false";"9330";"13";"";"";"4";"";"";"";"";"";"";"";"";"";"";"";"";"10";"";"";"";"";"";"";"";"";"";"";"";"";"";"";"";"";"";"";"";"";"";"13243";"1059";"http://ripostelaique.com/le-monde-confirme-avec-melenchon-fini-le-porc-dans-les-cantines.html";"";"";"";"";"";"";"no";"";"";"";"";"0c1f2d8f-c793-445c-9bb0-39f95e5cd039";"";"";"";""
"20/04/2017 10:42:56";"RT @patouche011: üí©Le Mondeüí© confirme :
avec #M√©lenchonüí©, fini le porc dans les cantines.!!!
https://t.co/PdNQcJX3m7";"";"https://twitter.com/savieze/status/854978680656998400";"http://twitter.com";"Jean-Luc M√©lenchon";"fr";"negative";"Twitter";"share";"";"schwery jeanine";"savieze";"F";"https://pbs.twimg.com/profile_images/591993686617001985/EGKy207y_normal.jpg";"xx";"";"";"";"";"1";"";"";"xx";"";"";"";"";"1";"";"";"100574648";"false";"1408";"";"https://twitter.com/patouche011/status/854973768376229888";"";"";"";"";"";"";"";"";"";"";"";"";"";"";"10";"";"";"";"";"";"https://twitter.com/patouche011/status/854973768376229888";"";"";"";"";"";"";"";"";"";"";"";"";"";"";"";"1408";"112";"http://ripostelaique.com/le-monde-confirme-avec-melenchon-fini-le-porc-dans-les-cantines.html";"";"";"";"";"";"";"no";"";"melenchon";"patouche011";"";"0c1f2d8f-c793-445c-9bb0-39f95e5cd039";"";"";"";""
"20/04/2017 10:42:18";"Le Monde confirme : avec M√©lenchon, fini le porc dans les cantines ! https://t.co/NBTsbUQxUl via @1ripostelaique";"";"https://twitter.com/laurent_daniel/status/854978521441161216";"http://twitter.com";"Jean-Luc M√©lenchon";"fr";"neutral";"Twitter";"post";"";"laurent";"laurent_daniel";"M";"https://pbs.twimg.com/profile_images/810883219998601216/K3yG6Re0_normal.jpg";"xx";"";"";"";"";"1";"";"";"xx";"";"";"";"";"1";"";"";"368808973";"false";"2914";"1";"";"";"";"";"";"";"";"";"";"";"";"";"";"";"";"10";"";"";"";"";"";"";"";"";"";"";"";"";"";"";"";"";"";"";"";"";"";"3215";"257";"http://ripostelaique.com/le-monde-confirme-avec-melenchon-fini-le-porc-dans-les-cantines.html";"";"";"";"";"";"";"no";"";"";"1RiposteLaique";"";"0c1f2d8f-c793-445c-9bb0-39f95e5cd039";"";"";"";""
"20/04/2017 10:23:25";"üí©Le Mondeüí© confirme :
avec #M√©lenchonüí©, fini le porc dans les cantines.!!!
https://t.co/PdNQcJX3m7";"";"https://twitter.com/patouche011/status/854973768376229888";"http://twitter.com";"Jean-Luc M√©lenchon";"fr";"negative";"Twitter";"post";"";"#FN patrick Lecat‚úù‚ú°ŸÜ";"patouche011";"M";"https://pbs.twimg.com/profile_images/839541237250211842/evGtid7K_normal.jpg";"xx";"";"";"";"";"1";"";"";"xx";"";"";"";"";"1";"";"";"3343203057";"false";"17544";"1";"";"";"";"";"";"";"";"";"";"";"";"";"";"";"";"10";"";"";"";"";"";"";"";"";"";"";"";"";"";"";"";"";"";"";"";"";"";"17845";"1427";"http://ripostelaique.com/le-monde-confirme-avec-melenchon-fini-le-porc-dans-les-cantines.html";"";"";"";"";"";"";"no";"";"melenchon";"";"";"0c1f2d8f-c793-445c-9bb0-39f95e5cd039";"";"";"";""
"20/04/2017 09:33:01";"Le Monde confirme : avec M√©lenchon, fini le porc dans les cantines ! https://t.co/O3rnLU2QhO";"";"https://twitter.com/PSGInna/status/854961082275856384";"http://twitter.com";"Jean-Luc M√©lenchon";"fr";"neutral";"Twitter";"post";"";"Micha√´l";"PSGInna";"M";"https://pbs.twimg.com/profile_images/3064346433/e138fd544491b48d01e96313d3eef45b_normal.jpeg";"xx";"";"";"";"";"1";"";"";"xx";"";"";"";"";"1";"";"";"496747627";"false";"2737";"";"";"";"";"";"";"";"";"";"";"";"";"";"";"";"";"10";"";"";"";"";"";"";"";"";"";"";"";"";"";"";"";"";"";"";"";"";"";"2737";"218";"http://ripostelaique.com/le-monde-confirme-avec-melenchon-fini-le-porc-dans-les-cantines.html";"";"";"";"";"";"";"no";"";"";"";"";"0c1f2d8f-c793-445c-9bb0-39f95e5cd039";"";"";"";""
"20/04/2017 09:25:56";"RT @BOUTONNETDANIEL: Le Monde confirme : avec M√©lenchon, fini le porc dans les cantines ! https://t.co/HmCipV4QWD";"";"https://twitter.com/nymeria60/status/854959300200017921";"http://twitter.com";"Jean-Luc M√©lenchon";"fr";"neutral";"Twitter";"share";"";"curcuma60üá´üá∑";"nymeria60";"";"https://pbs.twimg.com/profile_images/639058076725809153/uPVoSZys_normal.jpg";"xx";"";"";"";"";"1";"";"";"xx";"";"";"";"";"1";"";"";"802111646";"false";"2891";"";"https://twitter.com/BOUTONNETDANIEL/status/854955598265409536";"";"";"";"";"";"";"";"";"";"";"";"";"";"";"10";"";"";"";"";"";"https://twitter.com/BOUTONNETDANIEL/status/854955598265409536";"";"";"";"";"";"";"";"";"";"";"";"";"";"";"";"2891";"231";"http://ripostelaique.com/le-monde-confirme-avec-melenchon-fini-le-porc-dans-les-cantines.html";"";"";"";"";"";"";"no";"";"";"BOUTONNETDANIEL";"";"0c1f2d8f-c793-445c-9bb0-39f95e5cd039";"";"";"";""
"20/04/2017 09:25:10";"RT @BOUTONNETDANIEL: Le Monde confirme : avec M√©lenchon, fini le porc dans les cantines ! https://t.co/HmCipV4QWD";"";"https://twitter.com/mamiedoux29/status/854959110114213888";"http://twitter.com";"Jean-Luc M√©lenchon";"fr";"neutral";"Twitter";"share";"";"Edith ou Mamiedoux29";"mamiedoux29";"F";"https://pbs.twimg.com/profile_images/731431819279749120/mJBDvTv0_normal.jpg";"fr";"R√©gion Bretagne";"";"-4.0";"48.33333";"66627602";"3120288";"";"xx";"";"";"";"";"1";"";"";"2173343885";"false";"1418";"";"https://twitter.com/BOUTONNETDANIEL/status/854955598265409536";"";"";"";"";"";"";"";"";"";"";"";"";"";"";"10";"";"";"";"";"";"https://twitter.com/BOUTONNETDANIEL/status/854955598265409536";"";"";"";"";"";"";"";"";"";"";"";"";"";"";"";"1418";"113";"http://ripostelaique.com/le-monde-confirme-avec-melenchon-fini-le-porc-dans-les-cantines.html";"";"";"";"";"";"";"no";"";"";"BOUTONNETDANIEL";"";"0c1f2d8f-c793-445c-9bb0-39f95e5cd039";"";"";"";""
"20/04/2017 09:11:13";"Le Monde confirme : avec M√©lenchon, fini le porc dans les cantines ! https://t.co/HmCipV4QWD";"";"https://twitter.com/BOUTONNETDANIEL/status/854955598265409536";"http://twitter.com";"Jean-Luc M√©lenchon";"fr";"neutral";"Twitter";"post";"";"Daniel BOUTONNET";"BOUTONNETDANIEL";"M";"https://pbs.twimg.com/profile_images/678888226862587904/7YCeBA4q_normal.jpg";"xx";"";"";"";"";"1";"";"";"xx";"";"";"";"";"1";"";"";"994991418";"false";"440";"2";"";"";"1";"";"";"";"";"";"";"";"";"";"";"";"";"10";"";"";"";"";"";"";"";"";"";"";"";"";"";"";"";"";"";"";"";"";"";"1042";"83";"http://ripostelaique.com/le-monde-confirme-avec-melenchon-fini-le-porc-dans-les-cantines.html";"";"";"";"";"";"";"no";"";"";"";"";"0c1f2d8f-c793-445c-9bb0-39f95e5cd039";"";"";"";""
"20/04/2017 09:10:06";"!Le Monde confirme : avec M√©lenchon, fini le porc dans les cantines ! https://t.co/zlpqGBZQhG";"";"https://twitter.com/chrischarCH/status/854955317096054784";"http://twitter.com";"Jean-Luc M√©lenchon";"fr";"neutral";"Twitter";"post";"";"CHAR";"chrischarCH";"F";"https://abs.twimg.com/sticky/default_profile_images/default_profile_normal.png";"xx";"";"";"";"";"1";"";"";"xx";"";"";"";"";"1";"";"";"109601130";"false";"55";"";"";"";"";"";"";"";"";"";"";"";"";"";"";"";"";"10";"";"";"";"";"";"";"";"";"";"";"";"";"";"";"";"";"";"";"";"";"";"55";"4";"http://ripostelaique.com/le-monde-confirme-avec-melenchon-fini-le-porc-dans-les-cantines.html";"";"";"";"";"";"";"no";"";"";"";"";"0c1f2d8f-c793-445c-9bb0-39f95e5cd039";"";"";"";""
"20/04/2017 08:59:11";"RT @patricia691503: Le Monde confirme : avec M√©lenchon, fini le porc dans les cantines ! https://t.co/FuCJzgy77I";"";"https://twitter.com/cyrildemetz/status/854952567662682112";"http://twitter.com";"Jean-Luc M√©lenchon";"fr";"neutral";"Twitter";"share";"";"Patriote & beelover";"cyrildemetz";"";"https://pbs.twimg.com/profile_images/837353967910780928/hAWZ_mUz_normal.jpg";"fr";"Lorraine";"Metz";"6.17269";"49.11911";"66627602";"2339881";"123914";"xx";"";"";"";"";"1";"";"";"201859258";"false";"203";"";"https://twitter.com/patricia691503/status/854944964702334976";"";"";"";"";"";"";"";"";"";"";"";"";"";"";"10";"";"";"";"";"";"https://twitter.com/patricia691503/status/854944964702334976";"";"";"";"";"";"";"";"";"";"";"";"";"";"";"";"203";"16";"http://ripostelaique.com/le-monde-confirme-avec-melenchon-fini-le-porc-dans-les-cantines.html";"";"";"";"";"";"";"no";"";"";"patricia691503";"";"0c1f2d8f-c793-445c-9bb0-39f95e5cd039";"";"";"";""
"20/04/2017 08:50:00";"Le Monde confirme : avec M√©lenchon, fini le porc dans les cantines ! https://t.co/qpFNtrFNYk";"";"https://twitter.com/belindageoly/status/854950259679801344";"http://twitter.com";"Jean-Luc M√©lenchon";"fr";"neutral";"Twitter";"post";"";"Marie";"belindageoly";"F";"https://pbs.twimg.com/profile_images/434048254230425600/Ou93No1i_normal.jpeg";"fr";"";"";"2.0";"46.0";"66627602";"";"";"xx";"";"";"";"";"1";"";"";"535109915";"false";"11051";"";"";"";"";"";"";"";"";"";"";"";"";"";"";"";"";"10";"";"";"";"";"";"";"";"";"";"";"";"";"";"";"";"";"";"";"";"";"";"11051";"884";"http://ripostelaique.com/le-monde-confirme-avec-melenchon-fini-le-porc-dans-les-cantines.html";"";"";"";"";"";"";"no";"";"";"";"";"0c1f2d8f-c793-445c-9bb0-39f95e5cd039";"";"";"";""
"20/04/2017 08:31:52";"RT @patricia691503: Le Monde confirme : avec M√©lenchon, fini le porc dans les cantines ! https://t.co/FuCJzgy77I";"";"https://twitter.com/PerleduSud13/status/854945694699933696";"http://twitter.com";"Jean-Luc M√©lenchon";"fr";"neutral";"Twitter";"share";"";"Perla";"PerleduSud13";"F";"https://pbs.twimg.com/profile_images/662727525299191808/DAMzU3KC_normal.jpg";"xx";"";"";"";"";"1";"";"";"xx";"";"";"";"";"1";"";"";"4149422120";"false";"331";"";"https://twitter.com/patricia691503/status/854944964702334976";"";"";"";"";"";"";"";"";"";"";"";"";"";"";"10";"";"";"";"";"";"https://twitter.com/patricia691503/status/854944964702334976";"";"";"";"";"";"";"";"";"";"";"";"";"";"";"";"331";"26";"http://ripostelaique.com/le-monde-confirme-avec-melenchon-fini-le-porc-dans-les-cantines.html";"";"";"";"";"";"";"no";"";"";"patricia691503";"";"0c1f2d8f-c793-445c-9bb0-39f95e5cd039";"";"";"";""
"20/04/2017 08:28:58";"Le Monde confirme : avec M√©lenchon, fini le porc dans les cantines ! https://t.co/FuCJzgy77I";"";"https://twitter.com/patricia691503/status/854944964702334976";"http://twitter.com";"Jean-Luc M√©lenchon";"fr";"neutral";"Twitter";"post";"";"PATTY69 #marine2017";"patricia691503";"F";"https://pbs.twimg.com/profile_images/837950216112308224/f5jZRFoO_normal.jpg";"fr";"";"";"2.0";"46.0";"66627602";"";"";"xx";"";"";"";"";"1";"";"";"91963845";"false";"7876";"2";"";"1";"1";"";"";"";"";"";"";"";"";"";"";"";"";"10";"";"";"";"";"";"";"";"";"";"";"";"";"";"";"";"";"";"";"";"";"";"8478";"678";"http://ripostelaique.com/le-monde-confirme-avec-melenchon-fini-le-porc-dans-les-cantines.html";"";"";"";"";"";"";"no";"";"";"";"";"0c1f2d8f-c793-445c-9bb0-39f95e5cd039";"";"";"";""
"20/04/2017 08:28:32";"RT @patricia691503: Le Monde confirme : avec M√©lenchon, fini le porc dans les cantines ! https://t.co/cQ0I84cT3H via @cellule44";"";"https://twitter.com/HeelLeClech/status/854944857542062080";"http://twitter.com";"Jean-Luc M√©lenchon";"fr";"neutral";"Twitter";"share";"";"C√©dric Le Clech";"HeelLeClech";"M";"https://pbs.twimg.com/profile_images/818930676347047936/hsO1dVWP_normal.jpg";"fr";"R√©gion Aquitaine";"Lormont";"-0.51782";"44.87495";"66627602";"3150890";"22636";"xx";"";"";"";"";"1";"";"";"543597645";"false";"2176";"";"https://twitter.com/patricia691503/status/854941945826873344";"";"";"";"";"";"";"";"";"";"";"";"";"";"";"10";"";"";"";"";"";"https://twitter.com/patricia691503/status/854941945826873344";"";"";"";"";"";"";"";"";"";"";"";"";"";"";"";"2176";"174";"https://philippehua.com/2017/04/20/le-monde-confirme-avec-melenchon-fini-le-porc-dans-les-cantines/";"";"";"";"";"";"";"no";"";"";"cellule44;patricia691503";"";"0c1f2d8f-c793-445c-9bb0-39f95e5cd039";"";"";"";""
"20/04/2017 08:27:05";"RT @patricia691503: Le Monde confirme : avec M√©lenchon, fini le porc dans les cantines ! https://t.co/cQ0I84cT3H via @cellule44";"";"https://twitter.com/Victoire2017/status/854944493040279554";"http://twitter.com";"Jean-Luc M√©lenchon";"fr";"neutral";"Twitter";"share";"";"antonio üá´üá∑";"Victoire2017";"M";"https://pbs.twimg.com/profile_images/838148839739703296/N-vXKYxI_normal.jpg";"xx";"";"";"";"";"1";"";"";"xx";"";"";"";"";"1";"";"";"4513987336";"false";"1699";"";"https://twitter.com/patricia691503/status/854941945826873344";"";"";"";"";"";"";"";"";"";"";"";"";"";"";"10";"";"";"";"";"";"https://twitter.com/patricia691503/status/854941945826873344";"";"";"";"";"";"";"";"";"";"";"";"";"";"";"";"1699";"135";"https://philippehua.com/2017/04/20/le-monde-confirme-avec-melenchon-fini-le-porc-dans-les-cantines/";"";"";"";"";"";"";"no";"";"";"cellule44;patricia691503";"";"0c1f2d8f-c793-445c-9bb0-39f95e5cd039";"";"";"";""
"20/04/2017 08:23:31";"RT @patricia691503: Le Monde confirme : avec M√©lenchon, fini le porc dans les cantines ! https://t.co/cQ0I84cT3H via @cellule44";"";"https://twitter.com/GASPARDSylvia/status/854943591894048770";"http://twitter.com";"Jean-Luc M√©lenchon";"fr";"neutral";"Twitter";"share";"";"GASPARD Sylvia";"GASPARDSylvia";"M";"https://pbs.twimg.com/profile_images/818729566860677120/-CsHy1ab_normal.jpg";"fr";"R√©gion √éle-de-France";"Paris";"2.3488";"48.85341";"66627602";"11598866";"2138551";"xx";"";"";"";"";"1";"";"";"454974824";"false";"564";"";"https://twitter.com/patricia691503/status/854941945826873344";"";"";"";"";"";"";"";"";"";"";"";"";"";"";"10";"";"";"";"";"";"https://twitter.com/patricia691503/status/854941945826873344";"";"";"";"";"";"";"";"";"";"";"";"";"";"";"";"564";"45";"https://philippehua.com/2017/04/20/le-monde-confirme-avec-melenchon-fini-le-porc-dans-les-cantines/";"";"";"";"";"";"";"no";"";"";"cellule44;patricia691503";"";"0c1f2d8f-c793-445c-9bb0-39f95e5cd039";"";"";"";""
"20/04/2017 08:20:44";"RT @patricia691503: Le Monde confirme : avec M√©lenchon, fini le porc dans les cantines ! https://t.co/cQ0I84cT3H via @cellule44";"";"https://twitter.com/CHRISTINA2A12/status/854942894611935232";"http://twitter.com";"Jean-Luc M√©lenchon";"fr";"neutral";"Twitter";"share";"";"Chris2A12#TeamRDN";"CHRISTINA2A12";"F";"https://pbs.twimg.com/profile_images/833849357682237440/eNns11oK_normal.jpg";"fr";"Corse";"Ajaccio";"8.73462";"41.92723";"66627602";"299209";"54364";"xx";"";"";"";"";"1";"";"";"2418042451";"false";"2985";"";"https://twitter.com/patricia691503/status/854941945826873344";"";"";"";"";"";"";"";"";"";"";"";"";"";"";"10";"";"";"";"";"";"https://twitter.com/patricia691503/status/854941945826873344";"";"";"";"";"";"";"";"";"";"";"";"";"";"";"";"2985";"238";"https://philippehua.com/2017/04/20/le-monde-confirme-avec-melenchon-fini-le-porc-dans-les-cantines/";"";"";"";"";"";"";"no";"";"";"cellule44;patricia691503";"";"0c1f2d8f-c793-445c-9bb0-39f95e5cd039";"";"";"";""
"20/04/2017 08:17:42";"RT @patricia691503: Le Monde confirme : avec M√©lenchon, fini le porc dans les cantines ! https://t.co/cQ0I84cT3H via @cellule44";"";"https://twitter.com/LeydetJ/status/854942128128106496";"http://twitter.com";"Jean-Luc M√©lenchon";"fr";"neutral";"Twitter";"share";"";"virgile30800";"LeydetJ";"M";"https://pbs.twimg.com/profile_images/665574868231045121/5fg4DTDi_normal.jpg";"xx";"";"";"";"";"1";"";"";"xx";"";"";"";"";"1";"";"";"4187749594";"false";"291";"";"https://twitter.com/patricia691503/status/854941945826873344";"";"";"";"";"";"";"";"";"";"";"";"";"";"";"10";"";"";"";"";"";"https://twitter.com/patricia691503/status/854941945826873344";"";"";"";"";"";"";"";"";"";"";"";"";"";"";"";"291";"23";"https://philippehua.com/2017/04/20/le-monde-confirme-avec-melenchon-fini-le-porc-dans-les-cantines/";"";"";"";"";"";"";"no";"";"";"cellule44;patricia691503";"";"0c1f2d8f-c793-445c-9bb0-39f95e5cd039";"";"";"";""
"20/04/2017 08:16:58";"Le Monde confirme : avec M√©lenchon, fini le porc dans les cantines ! https://t.co/cQ0I84cT3H via @cellule44";"";"https://twitter.com/patricia691503/status/854941945826873344";"http://twitter.com";"Jean-Luc M√©lenchon";"fr";"neutral";"Twitter";"post";"";"PATTY69 #marine2017";"patricia691503";"F";"https://pbs.twimg.com/profile_images/837950216112308224/f5jZRFoO_normal.jpg";"fr";"";"";"2.0";"46.0";"66627602";"";"";"xx";"";"";"";"";"1";"";"";"91963845";"false";"7876";"5";"";"";"2";"";"";"";"";"";"";"";"";"";"";"";"";"10";"";"";"";"";"";"";"";"";"";"";"";"";"";"";"";"";"";"";"";"";"";"9381";"750";"https://philippehua.com/2017/04/20/le-monde-confirme-avec-melenchon-fini-le-porc-dans-les-cantines/";"";"";"";"";"";"";"no";"";"";"cellule44";"";"0c1f2d8f-c793-445c-9bb0-39f95e5cd039";"";"";"";""
"20/04/2017 08:13:01";"Le Monde confirme : avec M√©lenchon, fini le porc dans les cantines ! https://t.co/GBpCBs5Hh2 via @1ripostelaique";"";"https://twitter.com/Soleiado01/status/854940950136860672";"http://twitter.com";"Jean-Luc M√©lenchon";"fr";"neutral";"Twitter";"post";"";"Love Light";"Soleiado01";"";"https://pbs.twimg.com/profile_images/1147214940/DSC00510_normal.jpg";"it";"Lombardie";"Europa";"10.08176";"45.61563";"61855120";"9826141";"55";"xx";"";"";"";"";"1";"";"";"200438461";"false";"271";"";"";"";"";"";"";"";"";"";"";"";"";"";"";"";"";"10";"";"";"";"";"";"";"";"";"";"";"";"";"";"";"";"";"";"";"";"";"";"271";"21";"http://ripostelaique.com/le-monde-confirme-avec-melenchon-fini-le-porc-dans-les-cantines.html";"";"";"";"";"";"";"no";"";"";"1RiposteLaique";"";"0c1f2d8f-c793-445c-9bb0-39f95e5cd039";"";"";"";""
"20/04/2017 08:09:50";"RT @generalklaus1: Le Monde confirme : avec M√©lenchon, fini le porc dans les cantines ! https://t.co/NthouP6jl6";"";"https://twitter.com/LeydetJ/status/854940151067414528";"http://twitter.com";"Jean-Luc M√©lenchon";"fr";"neutral";"Twitter";"share";"";"virgile30800";"LeydetJ";"M";"https://pbs.twimg.com/profile_images/665574868231045121/5fg4DTDi_normal.jpg";"xx";"";"";"";"";"1";"";"";"xx";"";"";"";"";"1";"";"";"4187749594";"false";"291";"";"https://twitter.com/generalklaus1/status/854939772363698177";"";"";"";"";"";"";"";"";"";"";"";"";"";"";"10";"";"";"";"";"";"https://twitter.com/generalklaus1/status/854939772363698177";"";"";"";"";"";"";"";"";"";"";"";"";"";"";"";"291";"23";"http://ripostelaique.com/le-monde-confirme-avec-melenchon-fini-le-porc-dans-les-cantines.html";"";"";"";"";"";"";"no";"";"";"generalklaus1";"";"0c1f2d8f-c793-445c-9bb0-39f95e5cd039";"";"";"";""
"20/04/2017 08:09:48";"Le Monde confirme : avec M√©lenchon, fini le porc dans les cantines ! (Fini la France tout court) https://t.co/A6QQxdKjoo via @1ripostelaique";"";"https://twitter.com/jeanlg75/status/854940141860868096";"http://twitter.com";"Jean-Luc M√©lenchon";"fr";"neutral";"Twitter";"post";"";"jeanlg";"jeanlg75";"";"https://pbs.twimg.com/profile_images/837575404193988609/boZ6JsDb_normal.jpg";"fr";"R√©gion √éle-de-France";"Paris";"2.3488";"48.85341";"66627602";"11598866";"2138551";"xx";"";"";"";"";"1";"";"";"495208916";"false";"1560";"";"";"";"";"";"";"";"";"";"";"";"";"";"";"";"";"10";"";"";"";"";"";"";"";"";"";"";"";"";"";"";"";"";"";"";"";"";"";"1560";"124";"http://ripostelaique.com/le-monde-confirme-avec-melenchon-fini-le-porc-dans-les-cantines.html";"";"";"";"";"";"";"no";"";"";"1RiposteLaique";"";"0c1f2d8f-c793-445c-9bb0-39f95e5cd039";"";"";"";""
"20/04/2017 08:08:20";"Le Monde confirme : avec M√©lenchon, fini le porc dans les cantines ! https://t.co/NthouP6jl6";"";"https://twitter.com/generalklaus1/status/854939772363698177";"http://twitter.com";"Jean-Luc M√©lenchon";"fr";"neutral";"Twitter";"post";"";"klaus hartmann VFrVN";"generalklaus1";"M";"https://pbs.twimg.com/profile_images/698564052096847873/XNN4Fse3_normal.jpg";"fr";"Lorraine";"";"6.13333";"48.76667";"66627602";"2339881";"";"xx";"";"";"";"";"1";"";"";"3564374416";"false";"2671";"1";"";"";"";"";"";"";"";"";"";"";"";"";"";"";"";"10";"";"";"";"";"";"";"";"";"";"";"";"";"";"";"";"";"";"";"";"";"";"2972";"237";"http://ripostelaique.com/le-monde-confirme-avec-melenchon-fini-le-porc-dans-les-cantines.html";"";"";"";"";"";"";"no";"";"";"";"";"0c1f2d8f-c793-445c-9bb0-39f95e5cd039";"";"";"";""
"20/04/2017 07:54:15";"RT @numquam_desiste: Le Monde confirme : avec M√©lenchon, fini le porc dans les cantines ! https://t.co/SCwgYN1GAK #IslamoCollabo #islamisation #GrandRemplacement";"";"https://twitter.com/380b3a879bee4ec/status/854936229841862657";"http://twitter.com";"Jean-Luc M√©lenchon";"fr";"neutral";"Twitter";"share";"";"luc";"380b3a879bee4ec";"M";"https://pbs.twimg.com/profile_images/757915094391091200/p1ACQHBQ_normal.jpg";"xx";"";"";"";"";"1";"";"";"xx";"";"";"";"";"1";"";"";"2730529900";"false";"103";"";"https://twitter.com/numquam_desiste/status/854936027752017920";"";"";"";"";"";"";"";"";"";"";"";"";"";"";"10";"";"";"";"";"";"https://twitter.com/numquam_desiste/status/854936027752017920";"";"";"";"";"";"";"";"";"";"";"";"";"";"";"";"103";"8";"http://ripostelaique.com/le-monde-confirme-avec-melenchon-fini-le-porc-dans-les-cantines.html";"";"";"";"";"";"";"no";"";"islamocollabo;islamisation;grandremplacement";"numquam_desiste";"";"0c1f2d8f-c793-445c-9bb0-39f95e5cd039";"";"";"";""
"20/04/2017 07:53:27";"Le Monde confirme : avec M√©lenchon, fini le porc dans les cantines ! https://t.co/SCwgYN1GAK #IslamoCollabo #islamisation #GrandRemplacement";"";"https://twitter.com/numquam_desiste/status/854936027752017920";"http://twitter.com";"Jean-Luc M√©lenchon";"fr";"neutral";"Twitter";"post";"";"Force et Honneur";"numquam_desiste";"";"https://pbs.twimg.com/profile_images/564034781382705152/sjk3HDXS_normal.jpeg";"xx";"";"";"";"";"1";"";"";"xx";"";"";"";"";"1";"";"";"476485822";"false";"3760";"1";"";"";"";"";"";"";"";"";"";"";"";"";"";"";"";"10";"";"";"";"";"";"";"";"";"";"";"";"";"";"";"";"";"";"";"";"";"";"4061";"324";"http://ripostelaique.com/le-monde-confirme-avec-melenchon-fini-le-porc-dans-les-cantines.html";"";"";"";"";"";"";"no";"";"islamocollabo;islamisation;grandremplacement";"";"";"0c1f2d8f-c793-445c-9bb0-39f95e5cd039";"";"";"";""
"20/04/2017 07:50:12";"RT @gilloq: Le Monde confirme : avec M√©lenchon, fini le porc dans les cantines ! https://t.co/xddlC6PqDL";"";"https://twitter.com/patriote62/status/854935207333462016";"http://twitter.com";"Jean-Luc M√©lenchon";"fr";"neutral";"Twitter";"share";"";"patriote62";"patriote62";"";"https://pbs.twimg.com/profile_images/2633417292/5e27a659fdd0a00da08ff0ef258c07e6_normal.jpeg";"ru";"Sverdlovskaya Oblast‚Äô";"";"62.24428";"59.57808";"146519759";"4412629";"";"xx";"";"";"";"";"1";"";"";"430766086";"false";"683";"";"https://twitter.com/gilloq/status/854922272808861697";"";"";"";"";"";"";"";"";"";"";"";"";"";"";"10";"";"";"";"";"";"https://twitter.com/gilloq/status/854922272808861697";"";"";"";"";"";"";"";"";"";"";"";"";"";"";"";"683";"54";"http://ripostelaique.com/le-monde-confirme-avec-melenchon-fini-le-porc-dans-les-cantines.html";"";"";"";"";"";"";"no";"";"";"gilloq";"";"0c1f2d8f-c793-445c-9bb0-39f95e5cd039";"";"";"";""
"20/04/2017 07:42:53";"RT @gilloq: Le Monde confirme : avec M√©lenchon, fini le porc dans les cantines ! https://t.co/xddlC6PqDL";"";"https://twitter.com/nathalielavi/status/854933367216902144";"http://twitter.com";"Jean-Luc M√©lenchon";"fr";"neutral";"Twitter";"share";"";"Lanae";"nathalielavi";"";"https://pbs.twimg.com/profile_images/562908841378320384/llVzDujW_normal.jpeg";"xx";"";"";"";"";"1";"";"";"xx";"";"";"";"";"1";"";"";"1974606942";"false";"1017";"";"https://twitter.com/gilloq/status/854922272808861697";"";"";"";"";"";"";"";"";"";"";"";"";"";"";"10";"";"";"";"";"";"https://twitter.com/gilloq/status/854922272808861697";"";"";"";"";"";"";"";"";"";"";"";"";"";"";"";"1017";"81";"http://ripostelaique.com/le-monde-confirme-avec-melenchon-fini-le-porc-dans-les-cantines.html";"";"";"";"";"";"";"no";"";"";"gilloq";"";"0c1f2d8f-c793-445c-9bb0-39f95e5cd039";"";"";"";""
"20/04/2017 07:36:03";"RT @gilloq: Le Monde confirme : avec M√©lenchon, fini le porc dans les cantines ! https://t.co/xddlC6PqDL";"";"https://twitter.com/scrathefox/status/854931647740997633";"http://twitter.com";"Jean-Luc M√©lenchon";"fr";"neutral";"Twitter";"share";"";"üá´üá∑‚ú° ‚úûŸÜ Scrathefox";"scrathefox";"";"https://pbs.twimg.com/profile_images/849166851145904128/GQVnAxpA_normal.jpg";"gb";"Angleterre";"Londres";"-0.12574";"51.50853";"65097000";"50000000";"7556900";"xx";"";"";"";"";"1";"";"";"299869039";"false";"605";"";"https://twitter.com/gilloq/status/854922272808861697";"";"";"";"";"";"";"";"";"";"";"";"";"";"";"10";"";"";"";"";"";"https://twitter.com/gilloq/status/854922272808861697";"";"";"";"";"";"";"";"";"";"";"";"";"";"";"";"605";"48";"http://ripostelaique.com/le-monde-confirme-avec-melenchon-fini-le-porc-dans-les-cantines.html";"";"";"";"";"";"";"no";"";"";"gilloq";"";"0c1f2d8f-c793-445c-9bb0-39f95e5cd039";"";"";"";""
"20/04/2017 07:35:28";"RT @gilloq: Le Monde confirme : avec M√©lenchon, fini le porc dans les cantines ! https://t.co/xddlC6PqDL";"";"https://twitter.com/Sigaud3/status/854931503029137408";"http://twitter.com";"Jean-Luc M√©lenchon";"fr";"neutral";"Twitter";"share";"";"SigaudJP";"Sigaud3";"";"https://pbs.twimg.com/profile_images/661586672614817792/MmuBhjj7_normal.jpg";"xx";"";"";"";"";"1";"";"";"xx";"";"";"";"";"1";"";"";"593656811";"false";"2060";"";"https://twitter.com/gilloq/status/854922272808861697";"";"";"";"";"";"";"";"";"";"";"";"";"";"";"10";"";"";"";"";"";"https://twitter.com/gilloq/status/854922272808861697";"";"";"";"";"";"";"";"";"";"";"";"";"";"";"";"2060";"164";"http://ripostelaique.com/le-monde-confirme-avec-melenchon-fini-le-porc-dans-les-cantines.html";"";"";"";"";"";"";"no";"";"";"gilloq";"";"0c1f2d8f-c793-445c-9bb0-39f95e5cd039";"";"";"";""
"20/04/2017 07:30:12";"RT @gilloq: Le Monde confirme : avec M√©lenchon, fini le porc dans les cantines ! https://t.co/xddlC6PqDL";"";"https://twitter.com/GASPARDSylvia/status/854930177083805697";"http://twitter.com";"Jean-Luc M√©lenchon";"fr";"neutral";"Twitter";"share";"";"GASPARD Sylvia";"GASPARDSylvia";"M";"https://pbs.twimg.com/profile_images/818729566860677120/-CsHy1ab_normal.jpg";"fr";"R√©gion √éle-de-France";"Paris";"2.3488";"48.85341";"66627602";"11598866";"2138551";"xx";"";"";"";"";"1";"";"";"454974824";"false";"564";"";"https://twitter.com/gilloq/status/854922272808861697";"";"";"";"";"";"";"";"";"";"";"";"";"";"";"10";"";"";"";"";"";"https://twitter.com/gilloq/status/854922272808861697";"";"";"";"";"";"";"";"";"";"";"";"";"";"";"";"564";"45";"http://ripostelaique.com/le-monde-confirme-avec-melenchon-fini-le-porc-dans-les-cantines.html";"";"";"";"";"";"";"no";"";"";"gilloq";"";"0c1f2d8f-c793-445c-9bb0-39f95e5cd039";"";"";"";""
"20/04/2017 07:18:08";"RT @gilloq: Le Monde confirme : avec M√©lenchon, fini le porc dans les cantines ! https://t.co/xddlC6PqDL";"";"https://twitter.com/Vbloodymary/status/854927139124195328";"http://twitter.com";"Jean-Luc M√©lenchon";"fr";"neutral";"Twitter";"share";"";"Vbathory üá´üá∑";"Vbloodymary";"";"https://pbs.twimg.com/profile_images/790296715404439552/koXj6_Vt_normal.jpg";"xx";"";"";"";"";"1";"";"";"xx";"";"";"";"";"1";"";"";"60407893";"false";"512";"";"https://twitter.com/gilloq/status/854922272808861697";"";"";"";"";"";"";"";"";"";"";"";"";"";"";"10";"";"";"";"";"";"https://twitter.com/gilloq/status/854922272808861697";"";"";"";"";"";"";"";"";"";"";"";"";"";"";"";"512";"40";"http://ripostelaique.com/le-monde-confirme-avec-melenchon-fini-le-porc-dans-les-cantines.html";"";"";"";"";"";"";"no";"";"";"gilloq";"";"0c1f2d8f-c793-445c-9bb0-39f95e5cd039";"";"";"";""
"20/04/2017 07:02:13";"RT @ta_malou: Le Monde confirme : avec M√©lenchon, fini le porc dans les cantines ! https://t.co/k5uUIrlOzg";"";"https://twitter.com/FranceMutilee/status/854923132548898817";"http://twitter.com";"Jean-Luc M√©lenchon";"fr";"neutral";"Twitter";"share";"";"Patriote‚öìÔ∏èR√©sistant";"FranceMutilee";"";"https://pbs.twimg.com/profile_images/782046445763489792/KSOvZeHT_normal.jpg";"xx";"";"";"";"";"1";"";"";"xx";"";"";"";"";"1";"";"";"781614438742945793";"false";"930";"";"https://twitter.com/ta_malou/status/854919587393150977";"";"";"";"";"";"";"";"";"";"";"";"";"";"";"10";"";"";"";"";"";"https://twitter.com/ta_malou/status/854919587393150977";"";"";"";"";"";"";"";"";"";"";"";"";"";"";"";"930";"74";"http://ripostelaique.com/le-monde-confirme-avec-melenchon-fini-le-porc-dans-les-cantines.html";"";"";"";"";"";"";"no";"";"";"ta_malou";"";"0c1f2d8f-c793-445c-9bb0-39f95e5cd039";"";"";"";""
"20/04/2017 07:01:49";"RT @gilloq: Le Monde confirme : avec M√©lenchon, fini le porc dans les cantines ! https://t.co/xddlC6PqDL";"";"https://twitter.com/atheeDeFrance/status/854923032854503425";"http://twitter.com";"Jean-Luc M√©lenchon";"fr";"neutral";"Twitter";"share";"";"ath√©eDeFrance";"atheeDeFrance";"";"https://pbs.twimg.com/profile_images/727570646578892802/MEpxu6ar_normal.jpg";"fr";"";"";"2.0";"46.0";"66627602";"";"";"xx";"";"";"";"";"1";"";"";"2850991858";"false";"775";"";"https://twitter.com/gilloq/status/854922272808861697";"";"";"";"";"";"";"";"";"";"";"";"";"";"";"10";"";"";"";"";"";"https://twitter.com/gilloq/status/854922272808861697";"";"";"";"";"";"";"";"";"";"";"";"";"";"";"";"775";"62";"http://ripostelaique.com/le-monde-confirme-avec-melenchon-fini-le-porc-dans-les-cantines.html";"";"";"";"";"";"";"no";"";"";"gilloq";"";"0c1f2d8f-c793-445c-9bb0-39f95e5cd039";"";"";"";""
"20/04/2017 07:01:03";"RT @gilloq: Le Monde confirme : avec M√©lenchon, fini le porc dans les cantines ! https://t.co/xddlC6PqDL";"";"https://twitter.com/NinboTobybonin/status/854922841745182720";"http://twitter.com";"Jean-Luc M√©lenchon";"fr";"neutral";"Twitter";"share";"";"ninbo";"NinboTobybonin";"";"https://pbs.twimg.com/profile_images/426036835467669504/bubS2Zrz_normal.jpeg";"fr";"R√©gion √éle-de-France";"Paris";"2.3488";"48.85341";"66627602";"11598866";"2138551";"xx";"";"";"";"";"1";"";"";"1598457606";"false";"391";"";"https://twitter.com/gilloq/status/854922272808861697";"";"";"";"";"";"";"";"";"";"";"";"";"";"";"10";"";"";"";"";"";"https://twitter.com/gilloq/status/854922272808861697";"";"";"";"";"";"";"";"";"";"";"";"";"";"";"";"391";"31";"http://ripostelaique.com/le-monde-confirme-avec-melenchon-fini-le-porc-dans-les-cantines.html";"";"";"";"";"";"";"no";"";"";"gilloq";"";"0c1f2d8f-c793-445c-9bb0-39f95e5cd039";"";"";"";""
"20/04/2017 06:59:53";"RT @gilloq: Le Monde confirme : avec M√©lenchon, fini le porc dans les cantines ! https://t.co/xddlC6PqDL";"";"https://twitter.com/justelebonsens/status/854922547678392321";"http://twitter.com";"Jean-Luc M√©lenchon";"fr";"neutral";"Twitter";"share";"";"justunpeudebonsens";"justelebonsens";"";"https://pbs.twimg.com/profile_images/627562254431580160/f6qxW0By_normal.jpg";"xx";"";"";"";"";"1";"";"";"xx";"";"";"";"";"1";"";"";"1389044180";"false";"1688";"";"https://twitter.com/gilloq/status/854922272808861697";"";"";"";"";"";"";"";"";"";"";"";"";"";"";"10";"";"";"";"";"";"https://twitter.com/gilloq/status/854922272808861697";"";"";"";"";"";"";"";"";"";"";"";"";"";"";"";"1688";"135";"http://ripostelaique.com/le-monde-confirme-avec-melenchon-fini-le-porc-dans-les-cantines.html";"";"";"";"";"";"";"no";"";"";"gilloq";"";"0c1f2d8f-c793-445c-9bb0-39f95e5cd039";"";"";"";""
"20/04/2017 06:58:48";"Le Monde confirme : avec M√©lenchon, fini le porc dans les cantines ! https://t.co/xddlC6PqDL";"";"https://twitter.com/gilloq/status/854922272808861697";"http://twitter.com";"Jean-Luc M√©lenchon";"fr";"neutral";"Twitter";"post";"";"LYDIE-FRANCE";"gilloq";"";"https://pbs.twimg.com/profile_images/779172847696707584/enyaOAhe_normal.jpg";"xx";"";"";"";"";"1";"";"";"xx";"";"";"";"";"1";"";"";"1435857691";"false";"12154";"10";"";"1";"1";"";"";"";"";"";"";"";"";"";"";"";"";"10";"";"";"";"";"";"";"";"";"";"";"";"";"";"";"";"";"";"";"";"";"";"15164";"1213";"http://ripostelaique.com/le-monde-confirme-avec-melenchon-fini-le-porc-dans-les-cantines.html";"";"";"";"";"";"";"no";"";"";"";"";"0c1f2d8f-c793-445c-9bb0-39f95e5cd039";"";"";"";""
"20/04/2017 06:51:25";"RT @ta_malou: Le Monde confirme : avec M√©lenchon, fini le porc dans les cantines ! https://t.co/k5uUIrlOzg";"";"https://twitter.com/suzane1905/status/854920417177415681";"http://twitter.com";"Jean-Luc M√©lenchon";"fr";"neutral";"Twitter";"share";"";"Danielle T";"suzane1905";"F";"https://pbs.twimg.com/profile_images/559940161317117952/BK6Lk09N_normal.jpeg";"xx";"";"";"";"";"1";"";"";"xx";"";"";"";"";"1";"";"";"2210738278";"false";"125";"";"https://twitter.com/ta_malou/status/854919587393150977";"";"";"";"";"";"";"";"";"";"";"";"";"";"";"10";"";"";"";"";"";"https://twitter.com/ta_malou/status/854919587393150977";"";"";"";"";"";"";"";"";"";"";"";"";"";"";"";"125";"10";"http://ripostelaique.com/le-monde-confirme-avec-melenchon-fini-le-porc-dans-les-cantines.html";"";"";"";"";"";"";"no";"";"";"ta_malou";"";"0c1f2d8f-c793-445c-9bb0-39f95e5cd039";"";"";"";""
"20/04/2017 06:49:40";"RT @ta_malou: Le Monde confirme : avec M√©lenchon, fini le porc dans les cantines ! https://t.co/k5uUIrlOzg";"";"https://twitter.com/EmmanuelFouque/status/854919976381186048";"http://twitter.com";"Jean-Luc M√©lenchon";"fr";"neutral";"Twitter";"share";"";"Emmanuel Fouqu√©";"EmmanuelFouque";"M";"https://pbs.twimg.com/profile_images/852969542938759170/jH_0ZK2N_normal.jpg";"fr";"Provence-Alpes-C√¥te d'Azur";"Marseille";"5.38107";"43.29695";"66627602";"4864015";"794811";"xx";"";"";"";"";"1";"";"";"833595743218843649";"false";"150";"";"https://twitter.com/ta_malou/status/854919587393150977";"";"";"";"";"";"";"";"";"";"";"";"";"";"";"10";"";"";"";"";"";"https://twitter.com/ta_malou/status/854919587393150977";"";"";"";"";"";"";"";"";"";"";"";"";"";"";"";"150";"12";"http://ripostelaique.com/le-monde-confirme-avec-melenchon-fini-le-porc-dans-les-cantines.html";"";"";"";"";"";"";"no";"";"";"ta_malou";"";"0c1f2d8f-c793-445c-9bb0-39f95e5cd039";"";"";"";""
"20/04/2017 06:48:07";"Le Monde confirme : avec M√©lenchon, fini le porc dans les cantines ! https://t.co/k5uUIrlOzg";"";"https://twitter.com/ta_malou/status/854919587393150977";"http://twitter.com";"Jean-Luc M√©lenchon";"fr";"neutral";"Twitter";"post";"";"malou";"ta_malou";"F";"https://pbs.twimg.com/profile_images/378800000379950006/2d26d8d5e53acf0f687ff7552cf4489e_normal.png";"xx";"";"";"";"";"1";"";"";"xx";"";"";"";"";"1";"";"";"957864500";"false";"6484";"3";"";"2";"4";"";"";"";"";"";"";"";"";"";"";"";"";"10";"";"";"";"";"";"";"";"";"";"";"";"";"";"";"";"";"";"";"";"";"";"7387";"590";"http://ripostelaique.com/le-monde-confirme-avec-melenchon-fini-le-porc-dans-les-cantines.html";"";"";"";"";"";"";"no";"";"";"";"";"0c1f2d8f-c793-445c-9bb0-39f95e5cd039";"";"";"";""
"20/04/2017 06:25:49";"S‚Äôils parlent de mon article ils lui font de la pub. S‚Äôils n‚Äôen parlent pas ils ne font pas conna√Ætre leur analyse, ou plut√¥t leur conception de la v√©rit√©‚Ä¶ Alors ils n‚Äôy tiennent plus, ils se lancent.
Les enjeux sont trop forts, pensez, si quelques milliers de personnes enlevaient le vote pr√©vu pour M√©lenchon et l‚Äôoffraient √† Marine ? C‚Äôest que, comme ils le disent, mon article ¬ª a g√©n√©r√© plus de 18 000 partages sur Facebook en deux jours ¬´ . (Ils s‚Äôaffolent pour pas grand-chose, l‚Äôarticle o√π je disais que Theo devait demander pardon avait √©t√© partag√© plus de 100000 fois en quelques jours‚Ä¶Mais ils n‚Äôont pas os√© lancer leur Decodex sur l‚Äôaffaire).
Ils en tremblent, les amoureux de l‚Äôislam du Monde‚Ä¶ Le Monde de Xavier Niel, Pierre Berg√© et Matthieu Pigasse‚Ä¶ Ces trois noms me l√®vent le coeur, la voici la v√©ritable extr√™me-droite qui interdit la libert√© d‚Äôexpression, qui enfume et m√©prise les Fran√ßais.
Ils ont peur, les as de la d√©sinformation, du Decodex, de la mondialisation sauvage et de l‚Äôimmigration sauvage‚Ä¶ Ils tirent √† vue, sans munitions autres que des anath√®mes risibles pour la femme de gauche que je suis, ils nous appellent extr√™me-droite (R√©sistance r√©publicaine et Christine Tasin ), ils d√©sinforment et diffament puisque je n‚Äôai pas √©t√© condamn√©e. Les journaleux du Monde savent fort bien que tant qu‚Äôune condamnation n‚Äôest pas d√©finitive elle ne peut pas √™tre mentionn√©e, on ne peut pas en tenir compte‚Ä¶ J‚Äôai un proc√®s en cassation et un autre en appel‚Ä¶ J‚Äôai √©t√© relax√©e pour tous mes autres proc√®s‚Ä¶Je n‚Äôai donc jamais √©t√© condamn√©e √† ce jour.
Par ailleurs, je n‚Äôai jamais √©t√© condamn√©e pour islamophobie pour une raison tr√®s simple, l‚Äôislamophobie est l√©gale et ne figure pas dans la liste des d√©lits.
Un petit logo rouge pour le Monde, messieurs du Decodex ?
Parce que, en sus, sur le fond de l‚Äôaffaire, ils sont d‚Äôune malhonn√™tet√© insigne.
Je maintiens, persiste et signe. M√©lenchon a clairement dit qu‚Äôil mettrait des menus v√©g√©tariens dans les cantines pour √©viter les demandes communautaristes, donc pour √©viter les soucis avec le porc, il veut donc bien interdire le porc.
Ils peuvent le tourner comme ils veulent, les enfumeurs du Monde, c‚Äôest une question de simple logique.
Et ils sont d‚Äôune mauvaise foi crasse.
Riposte la√Øque.com";"Le Monde confirme : avec M√©lenchon, fini le porc dans les cantines !";"https://philippehua.com/2017/04/20/le-monde-confirme-avec-melenchon-fini-le-porc-dans-les-cantines/";"http://philippehua.com";"Jean-Luc M√©lenchon";"fr";"neutral";"Website";"post";"";"http://philippehua.com";"";"";"";"us";"";"";"";"";"323189000";"";"";"";"";"";"";"";"";"";"";"";"";"";"";"";"";"";"";"";"";"";"";"";"";"";"";"";"";"";"0";"";"6";"";"";"";"";"";"";"";"";"";"";"";"";"";"";"";"";"";"";"";"160";"8";"";"";"";"";"";"";"";"no";"";"";"";"melenchon;christine.tasin;xavier.niel;pierre.berge;matthieu.pigasse;theo;marine;porc;decodex;islamophobie;resistance.republicaine;islam.du.monde;facebook;analyse;delits;porc;verite;francais;immigration.sauvage;article;cassation;demandes.communautaristes;gauche;personnes;extreme-droite;logo.rouge;monde;menus.vegetariens;proces;affaire;coeur;pardon;conception;enfumeurs.du.monde;cantines;mondialisation.sauvage;condamnation;liberte.d'.expression;decodex;anathemes";"0c1f2d8f-c793-445c-9bb0-39f95e5cd039";"politics.france";"";"";""
"20/04/2017 05:47:14";"Le Monde confirme : avec M√©lenchon, fini le porc dans les cantines ! https://t.co/1dwF0RiBHM";"";"https://twitter.com/Angon49Chaumont/status/854904261771132929";"http://twitter.com";"Jean-Luc M√©lenchon";"fr";"neutral";"Twitter";"post";"";"Chaumont Mathurin";"Angon49Chaumont";"M";"https://pbs.twimg.com/profile_images/3116257437/73fa1fa07ee89bb60be6d7e8c7505c90_normal.jpeg";"fr";"Provence-Alpes-C√¥te d'Azur";"Nice";"7.26608";"43.70313";"66627602";"4864015";"338620";"xx";"";"";"";"";"1";"";"";"884197640";"false";"63";"";"";"";"";"";"";"";"";"";"";"";"";"";"";"";"";"10";"";"";"";"";"";"";"";"";"";"";"";"";"";"";"";"";"";"";"";"";"";"63";"5";"http://ripostelaique.com/le-monde-confirme-avec-melenchon-fini-le-porc-dans-les-cantines.html";"";"";"";"";"";"";"no";"";"";"";"";"0c1f2d8f-c793-445c-9bb0-39f95e5cd039";"";"";"";""
"20/04/2017 05:42:30";"RT @languillem: Le Monde confirme : avec M√©lenchon, fini le porc dans les cantines ! https://t.co/dA17zYIkrb";"";"https://twitter.com/njee26/status/854903074288173056";"http://twitter.com";"Jean-Luc M√©lenchon";"fr";"neutral";"Twitter";"share";"";"Gis√®le";"njee26";"F";"https://pbs.twimg.com/profile_images/667024305964900352/il79TqX2_normal.jpg";"fr";"";"";"2.0";"46.0";"66627602";"";"";"xx";"";"";"";"";"1";"";"";"493508075";"false";"2419";"";"https://twitter.com/languillem/status/854901142714814465";"";"";"";"";"";"";"";"";"";"";"";"";"";"";"10";"";"";"";"";"";"https://twitter.com/languillem/status/854901142714814465";"";"";"";"";"";"";"";"";"";"";"";"";"";"";"";"2419";"193";"http://ripostelaique.com/le-monde-confirme-avec-melenchon-fini-le-porc-dans-les-cantines.html";"";"";"";"";"";"";"no";"";"";"languillem";"";"0c1f2d8f-c793-445c-9bb0-39f95e5cd039";"";"";"";""
"20/04/2017 05:34:50";"Le Monde confirme : avec M√©lenchon, fini le porc dans les cantines ! https://t.co/dA17zYIkrb";"";"https://twitter.com/languillem/status/854901142714814465";"http://twitter.com";"Jean-Luc M√©lenchon";"fr";"neutral";"Twitter";"post";"";"ludimi";"languillem";"";"https://pbs.twimg.com/profile_images/699232412111343617/HPd9meeh_normal.jpg";"fr";"";"";"2.0";"46.0";"66627602";"";"";"xx";"";"";"";"";"1";"";"";"904349491";"false";"4290";"1";"";"";"";"";"";"";"";"";"";"";"";"";"";"";"";"10";"";"";"";"";"";"";"";"";"";"";"";"";"";"";"";"";"";"";"";"";"";"4591";"367";"http://ripostelaique.com/le-monde-confirme-avec-melenchon-fini-le-porc-dans-les-cantines.html";"";"";"";"";"";"";"no";"";"";"";"";"0c1f2d8f-c793-445c-9bb0-39f95e5cd039";"";"";"";""
"20/04/2017 04:18:23";"Le Monde confirme : avec M√©lenchon, fini le porc dans les cantines ! https://t.co/oVZGATCNaU";"";"https://twitter.com/tigroon/status/854881904809701376";"http://twitter.com";"Jean-Luc M√©lenchon";"fr";"neutral";"Twitter";"post";"";"j.Berge-Liondor";"tigroon";"";"https://pbs.twimg.com/profile_images/3607964438/9ea99e1c79933e13f6c2a24db9fc2aba_normal.jpeg";"fr";"R√©gion Centre";"Tours";"0.68333";"47.38333";"66627602";"2526919";"141621";"xx";"";"";"";"";"1";"";"";"168128342";"false";"1287";"";"";"";"";"";"";"";"";"";"";"";"";"";"";"";"";"10";"";"";"";"";"";"";"";"";"";"";"";"";"";"";"";"";"";"";"";"";"";"1287";"102";"http://ripostelaique.com/le-monde-confirme-avec-melenchon-fini-le-porc-dans-les-cantines.html";"";"";"";"";"";"";"no";"";"";"";"";"0c1f2d8f-c793-445c-9bb0-39f95e5cd039";"";"";"";""
"19/04/2017 22:58:56";"RT @helene6156: Le Monde confirme : avec M√©lenchon, fini le porc dans les cantines ! https://t.co/KfUJeu8f2I";"";"https://twitter.com/vive_l4_liberT/status/854801509808320512";"http://twitter.com";"Jean-Luc M√©lenchon";"fr";"neutral";"Twitter";"share";"";"La Paix";"vive_l4_liberT";"";"https://pbs.twimg.com/profile_images/807129798778753024/aeLckMqx_normal.jpg";"xx";"";"";"";"";"1";"";"";"xx";"";"";"";"";"1";"";"";"2310675940";"false";"476";"";"https://twitter.com/helene6156/status/854795604035346433";"";"";"";"";"";"";"";"";"";"";"";"";"";"";"10";"";"";"";"";"";"https://twitter.com/helene6156/status/854795604035346433";"";"";"";"";"";"";"";"";"";"";"";"";"";"";"";"476";"38";"http://ripostelaique.com/le-monde-confirme-avec-melenchon-fini-le-porc-dans-les-cantines.html";"";"";"";"";"";"";"no";"";"";"helene6156";"";"0c1f2d8f-c793-445c-9bb0-39f95e5cd039";"";"";"";""
"19/04/2017 22:35:27";"Le Monde confirme : avec M√©lenchon, fini le porc dans les cantines ! https://t.co/KfUJeu8f2I";"";"https://twitter.com/helene6156/status/854795604035346433";"http://twitter.com";"Jean-Luc M√©lenchon";"fr";"neutral";"Twitter";"post";"";"helene petit ours";"helene6156";"F";"https://pbs.twimg.com/profile_images/849511990200553472/uuPBCopZ_normal.jpg";"fr";"R√©gion Bretagne";"";"-2.83333";"48.16667";"66627602";"3120288";"";"xx";"";"";"";"";"1";"";"";"1106307541";"false";"1793";"1";"";"";"";"";"";"";"";"";"";"";"";"";"";"";"";"10";"";"";"";"";"";"";"";"";"";"";"";"";"";"";"";"";"";"";"";"";"";"2094";"167";"http://ripostelaique.com/le-monde-confirme-avec-melenchon-fini-le-porc-dans-les-cantines.html";"";"";"";"";"";"";"no";"";"";"";"";"0c1f2d8f-c793-445c-9bb0-39f95e5cd039";"";"";"";""
"19/04/2017 21:46:57";"S‚Äôils parlent de mon article ils lui font de la pub. S‚Äôils n‚Äôen parlent pas ils ne font pas conna√Ætre leur analyse, ou plut√¥t leur conception de la v√©rit√©‚Ä¶ Alors ils n‚Äôy tiennent plus, ils se lancent.
Les enjeux sont trop forts, pensez, si quelques milliers de personnes enlevaient le vote pr√©vu pour M√©lenchon et l‚Äôoffraient √† Marine ? C‚Äôest que, comme ils le disent, mon article ¬ª a g√©n√©r√© plus de 18 000 partages sur Facebook en deux jours ¬´ . (Ils s‚Äôaffolent pour pas grand-chose, l‚Äôarticle o√π je disais que Theo devait demander pardon avait √©t√© partag√© plus de 100000 fois en quelques jours‚Ä¶Mais ils n‚Äôont pas os√© lancer leur Decodex sur l‚Äôaffaire).
Ils en tremblent, les amoureux de l‚Äôislam du Monde‚Ä¶ Le Monde de Xavier Niel, Pierre Berg√© et Matthieu Pigasse‚Ä¶ Ces trois noms me l√®vent le coeur, la voici la v√©ritable extr√™me-droite qui interdit la libert√© d‚Äôexpression, qui enfume et m√©prise les Fran√ßais.
Ils ont peur, les as de la d√©sinformation, du Decodex, de la mondialisation sauvage et de l‚Äôimmigration sauvage‚Ä¶ Ils tirent √† vue, sans munitions autres que des anath√®mes risibles pour la femme de gauche que je suis, ils nous appellent extr√™me-droite (R√©sistance r√©publicaine et Christine Tasin ), ils d√©sinforment et diffament puisque je n‚Äôai pas √©t√© condamn√©e. Les journaleux du Monde savent fort bien que tant qu‚Äôune condamnation n‚Äôest pas d√©finitive elle ne peut pas √™tre mentionn√©e, on ne peut pas en tenir compte‚Ä¶ J‚Äôai un proc√®s en cassation et un autre en appel‚Ä¶ J‚Äôai √©t√© relax√©e pour tous mes autres proc√®s‚Ä¶Je n‚Äôai donc jamais √©t√© condamn√©e √† ce jour.
Par ailleurs, je n‚Äôai jamais √©t√© condamn√©e pour islamophobie pour une raison tr√®s simple, l‚Äôislamophobie est l√©gale et ne figure pas dans la liste des d√©lits.
Un petit logo rouge pour le Monde, messieurs du Decodex ?
Parce que, en sus, sur le fond de l‚Äôaffaire, ils sont d‚Äôune malhonn√™tet√© insigne.
Je maintiens, persiste et signe. M√©lenchon a clairement dit qu‚Äôil mettrait des menus v√©g√©tariens dans les cantines pour √©viter les demandes communautaristes, donc pour √©viter les soucis avec le porc, il veut donc bien interdire le porc.
Ils peuvent le tourner comme ils veulent, les enfumeurs du Monde, c‚Äôest une question de simple logique.
Et ils sont d‚Äôune mauvaise foi crasse.
Comparons
Le Monde
¬´ M√©lenchon veut interdire le porc dans les cantinesscolaires pour qu‚Äôil n‚Äôy ait plus de probl√®me ¬ª
M. M√©lenchon y voit un but √©cologique, mais aussi,comme il l‚Äôexpliquait sur Europe 1, car
¬´ il faut trouver ce qui permet √† tout le monde
de vivre bien ensemble, sinon on n‚Äôen finit plus ¬ª.
M√©lenchon chasse le porc des cantines qui est le seul √† poser probl√®me, en chassant toutes les viandes‚Ä¶Et en pr√¥nant les repas v√©g√©tariens.
Et comme ils sont b√™tes √† bouffer du foin, au Monde, ils confirment mes affirmations :
¬´ La question des menus de substitution, mani√®re de cibler en filigrane l‚Äô islam et le ¬´ communautarisme ¬ª, agite la classe politique depuis des ann√©es.
M. M√©lenchon n‚Äôest du reste pas le premier √† proposer des repas v√©g√©tariens pour r√©gler le probl√®me. Le d√©put√© UDI Yves J√©go, notamment, propose depuis 2015 la mise en place de menus v√©g√©tariens dans les cantines scolaires, y voyant le double avantage d‚Äôune sensibilisation aux questions environnementales et d‚Äôune r√©ponse universelle aux questions d‚Äôinterdits alimentaires religieux. ¬ª
Une r√©ponse universelle aux questions d‚Äôinterdits alimentaires religieux: je mets au d√©fi les malhonn√™tes d√©conneurs du Monde de me trouver un autre interdit alimentaire religieux que le porc dans une cantine scolaire qui ne sert pas d‚Äôalcool. Je leur rappelle en passant que jamais, au grand jamais, les juifs n‚Äôont mis de pression pour qu‚Äôil y ait des repas de substitution au porc √† la cantine, leurs enfants ne prenaient pas de porc ou le laissaient sur leur assiette et basta. A pr√©sent les musulmans demandent m√™me de la viande halal‚Ä¶ dans les cantines publiques.
Et c‚Äôest ce type-l√† qui veut enlever la viande de la bouche de nos enfants avec son comp√®re M√©lenchon, celui qui veut leur enlever le droit d‚Äôaller dans une √©cole priv√©e sous contrat, celui qui veut aussi imposer aux Fran√ßais le retour de Staline, celui qui pr√©f√®re les Noirs aux Blancs, les musulmans aux catholiques, les Berb√®res et les Arabes aux Normands, celui qui fait faire une minute de silence pour les ¬´ migrants ¬ª mais pas pour les n√¥tres morts au Bataclan ou √† Nice‚Ä¶
Le Monde ? Tout juste bon pour se torcher le derri√®re. M√©lenchon ? Un faux populiste, un faux homme de gauche‚Ä¶
Rechercher";"Commentaires sur Le Monde confirme : avec M√©lenchon, fini le porc dans les cantines ! par Bertrand";"http://ripostelaique.com/le-monde-confirme-avec-melenchon-fini-le-porc-dans-les-cantines.html/comment-page-1";"http://ripostelaique.com";"Jean-Luc M√©lenchon";"fr";"neutral";"Media";"post";"";"http://ripostelaique.com";"";"";"";"fr";"";"";"";"";"66627602";"";"";"";"";"";"";"";"";"";"";"";"";"";"";"";"";"";"";"";"";"";"";"";"";"";"";"";"";"";"0";"";"";"";"";"";"";"";"";"";"";"";"";"";"";"";"";"";"";"";"";"";"979";"930";"";"";"";"";"";"";"";"no";"";"";"";"nice;bataclan;normands;staline;melenchon;bertrand;christine.tasin;pierre.berge;marine;xavier.niel;theo;yves.jego;matthieu.pigasse;resistance.republicaine;porc;udi;le.monde;alcool;facebook;europe.1;porc.des.cantines;islam.du.monde;decodex;islamophobie;cantine;analyse;menus.de.substitution;delits;assiette;pression;repas;porc;verite;blancs;viandes;juifs;cantine.scolaire;classe.politique;francais;immigration.sauvage;article;cassation;demandes.communautaristes;gauche;personnes;catholiques;migrants;probleme;droit.d'.aller;islam;faux.homme;extreme-droite;logo.rouge;double.avantage;monde;viande.halal;menus.vegetariens;proces;affaire;arabes;coeur;communautarisme;enfants;pardon;cantinesscolaires;conception;enfumeurs.du.monde;noirs;cantines;cantines.publiques;mondialisation.sauvage;condamnation;liberte.d'.expression;faux.populiste;berberes;decodex;ecole.privee;but.ecologique;anathemes;cantines.scolaires";"0c1f2d8f-c793-445c-9bb0-39f95e5cd039";"politics.france";"";"";""
"19/04/2017 21:42:06";"RT @ADeBeynac: Le Monde confirme : avec M√©lenchon, fini le porc dans les cantines ! https://t.co/k3w0pU9lsy";"";"https://twitter.com/emontenoise/status/854782177959178240";"http://twitter.com";"Jean-Luc M√©lenchon";"fr";"neutral";"Twitter";"share";"";"Montenoise";"emontenoise";"";"https://pbs.twimg.com/profile_images/489164445730365440/fD-4xmnq_normal.jpeg";"xx";"";"";"";"";"1";"";"";"xx";"";"";"";"";"1";"";"";"947933227";"false";"258";"";"https://twitter.com/ADeBeynac/status/854779815202885632";"";"";"";"";"";"";"";"";"";"";"";"";"";"";"10";"";"";"";"";"";"https://twitter.com/ADeBeynac/status/854779815202885632";"";"";"";"";"";"";"";"";"";"";"";"";"";"";"";"258";"20";"https://rssfla.re/1410409/le-monde-confirme-avec-melenchon-fini-le-porc-dans-les-cantines";"";"";"";"";"";"";"no";"";"";"ADeBeynac";"";"0c1f2d8f-c793-445c-9bb0-39f95e5cd039";"";"";"";""
"19/04/2017 21:32:43";"Le Monde confirme : avec M√©lenchon, fini le porc dans les cantines ! https://t.co/k3w0pU9lsy";"";"https://twitter.com/ADeBeynac/status/854779815202885632";"http://twitter.com";"Jean-Luc M√©lenchon";"fr";"neutral";"Twitter";"post";"";"Alexandre de Beynac";"ADeBeynac";"M";"https://pbs.twimg.com/profile_images/759780218584244230/5ivRVKHt_normal.jpg";"xx";"";"";"";"";"1";"";"";"xx";"";"";"";"";"1";"";"";"3085941130";"false";"2684";"1";"";"";"";"";"";"";"";"";"";"";"";"";"";"";"";"10";"";"";"";"";"";"";"";"";"";"";"";"";"";"";"";"";"";"";"";"";"";"2985";"238";"https://rssfla.re/1410409/le-monde-confirme-avec-melenchon-fini-le-porc-dans-les-cantines";"";"";"";"";"";"";"no";"";"";"";"";"0c1f2d8f-c793-445c-9bb0-39f95e5cd039";"";"";"";""
